arm,cost_mult,cost_pct,mdd_pct,n_days,net_2020,net_2021,net_2022,net_2023,net_2024,net_pct,panel,seed,sharpe,sharpe_2020,sharpe_2021,sharpe_2022,sharpe_2023,sharpe_2024,turnover
ONE-NAS (40 isl.),1.0,5.321184625887851,25.83278323093532,1249,1.9780110076245305,10.170032485367845,21.075710319721217,12.866938209565863,4.11170143324395,50.202393455523406,set1,42,0.7104276079661573,0.11246480808387378,0.8473134886982175,1.2877454688375682,1.1120990116280038,0.3376410828677914,0.11508754187126571
ONE-NAS (40 isl.),1.5,7.981776938831777,25.96652208489364,1249,,,,,,47.54180114257948,set1,42,0.6728198233764452,,,,,,0.11508754187126571
ONE-NAS (40 isl.),2.0,10.642369251775701,26.100260938851942,1249,,,,,,44.881208829635554,set1,42,0.6352064400407476,,,,,,0.11508754187126571
ONE-NAS (40 isl.),3.0,15.963553877663553,26.36773864676856,1249,,,,,,39.5600242037477,set1,42,0.5599634366489677,,,,,,0.11508754187126571
ONE-NAS (40 isl.),5.0,26.605923129439258,26.902694062601796,1249,,,,,,28.917654951971993,set1,42,0.40941640582291433,,,,,,0.11508754187126571
ONE-NAS (40 isl.),1.0,5.302947081403733,31.918832148229647,1249,-10.101114276824415,14.065847669042537,17.159487558548133,3.3505977042090316,3.558070738175043,28.032889393150327,set1,43,0.37476632060569465,-0.5803173367507581,1.0729436968543087,0.956356994035816,0.2580279183724607,0.2830669432993339,0.1161722160077731
ONE-NAS (40 isl.),1.5,7.954420622105601,32.20954897609038,1249,,,,,,25.381415852448463,set1,43,0.33932377667182884,,,,,,0.1161722160077731
ONE-NAS (40 isl.),2.0,10.605894162807466,32.50026580395114,1249,,,,,,22.729942311746598,set1,43,0.303879942176314,,,,,,0.1161722160077731
ONE-NAS (40 isl.),3.0,15.908841244211201,33.08169945967264,1249,,,,,,17.426995230342854,set1,43,0.23298889266890324,,,,,,0.1161722160077731
ONE-NAS (40 isl.),5.0,26.51473540701867,34.24456677111563,1249,,,,,,6.821101067535401,set1,43,0.09119671080477228,,,,,,0.1161722160077731
ONE-NAS (40 isl.),1.0,5.152752377178052,30.976780650695897,1249,-6.445122128155383,18.479656688427383,14.222639818439847,2.6058015599439206,-4.367800097561972,24.49517584109379,set1,44,0.3282618437821003,-0.2995819828832872,1.5266464236522392,0.9505360147954535,0.22963604518997538,-0.34839759500515066,0.11379451538200767
ONE-NAS (40 isl.),1.5,7.729128565767078,31.25194844238548,1249,,,,,,21.918799652504767,set1,44,0.2937362639307036,,,,,,0.11379451538200767
ONE-NAS (40 isl.),2.0,10.305504754356104,31.527116234075077,1249,,,,,,19.342423463915743,set1,44,0.25921029768985354,,,,,,0.11379451538200767
ONE-NAS (40 isl.),3.0,15.458257131534156,32.07745181745422,1249,,,,,,14.18967108673769,set1,44,0.1901575805163936,,,,,,0.11379451538200767
ONE-NAS (40 isl.),5.0,25.76376188589026,33.17812298421256,1249,,,,,,3.8841663323815743,set1,44,0.05205162882756744,,,,,,0.11379451538200767
ONE-NAS (40 isl.),1.0,5.545384730652075,28.674875998493455,1249,-5.031524662492296,11.725317245782978,10.579281103224544,16.740677622158806,-5.454223968676349,28.559527339997683,set1,45,0.430010173094305,-0.27002864406560545,0.8986950042805915,0.8280795242863386,1.4997763809053664,-0.6002306126660987,0.1211379275106741
ONE-NAS (40 isl.),1.5,8.318077095978115,28.822892469195633,1249,,,,,,25.786834974671645,set1,45,0.3882810536303664,,,,,,0.1211379275106741
ONE-NAS (40 isl.),2.0,11.09076946130415,28.970908939897814,1249,,,,,,23.014142609345612,set1,45,0.34654748739890096,,,,,,0.1211379275106741
ONE-NAS (40 isl.),3.0,16.63615419195623,29.266941881302174,1249,,,,,,17.46875787869353,set1,45,0.263067760355926,,,,,,0.1211379275106741
ONE-NAS (40 isl.),5.0,27.72692365326038,29.859007764110896,1249,,,,,,6.377988417389381,set1,45,0.09606315379537447,,,,,,0.1211379275106741
ONE-NAS (40 isl.),1.0,5.530376998232828,27.647693809004693,1249,-6.694446408345586,11.346327317270728,19.636057052791458,6.399679744760315,0.5642488961917262,31.25186660266864,set1,46,0.46788428214863936,-0.388258602153098,0.8396314918900863,1.5169841448009251,0.5859267663388097,0.04959856563592722,0.12104343757049411
ONE-NAS (40 isl.),1.5,8.295565497349243,27.79082669601128,1249,,,,,,28.486678103552226,set1,46,0.4265030063542997,,,,,,0.12104343757049411
ONE-NAS (40 isl.),2.0,11.060753996465657,27.933959583017863,1249,,,,,,25.72148960443581,set1,46,0.3851177642783566,,,,,,0.12104343757049411
ONE-NAS (40 isl.),3.0,16.591130994698485,28.22022535703102,1249,,,,,,20.19111260620298,set1,46,0.3023361207672518,,,,,,0.12104343757049411
ONE-NAS (40 isl.),5.0,27.651884991164142,28.792756905057367,1249,,,,,,9.130358609737332,set1,46,0.13673337773062855,,,,,,0.12104343757049411
ONE-NAS (40 isl.),1.0,4.857828554178915,30.321135504930872,1249,-7.6540068233786505,14.019737892354744,18.382768760435486,5.671499899290502,0.7537383041433602,31.17373803284545,set1,47,0.43935528791298767,-0.43619282416157773,1.0838080864870838,1.162665481252535,0.5015843385705329,0.06004564503708957,0.10486823239761289
ONE-NAS (40 isl.),1.5,7.286742831268372,30.609080210204493,1249,,,,,,28.744823755755984,set1,47,0.4051227193998597,,,,,,0.10486823239761289
ONE-NAS (40 isl.),2.0,9.71565710835783,30.9128992258241,1249,,,,,,26.315909478666534,set1,47,0.37088965984164696,,,,,,0.10486823239761289
ONE-NAS (40 isl.),3.0,14.573485662536743,31.53045518065074,1249,,,,,,21.458080924487614,set1,47,0.30242261623922834,,,,,,0.10486823239761289
ONE-NAS (40 isl.),5.0,24.28914277089457,32.765567090304025,1249,,,,,,11.7424238161298,set1,47,0.16548867162436698,,,,,,0.10486823239761289
ONE-NAS (40 isl.),1.0,5.717312444284787,27.253717841831538,1249,-5.907891551930669,9.870805741032129,15.740580013843552,6.552718761492876,-3.0289593715098224,23.22725359292807,set1,48,0.3572660146459318,-0.3366589381711929,0.8936307537822249,1.1504858935340008,0.6182552149024932,-0.27662753947208885,0.12535128218959718
ONE-NAS (40 isl.),1.5,8.57596866642718,27.39461613113135,1249,,,,,,20.36859737078568,set1,48,0.313312497014188,,,,,,0.12535128218959718
ONE-NAS (40 isl.),2.0,11.434624888569575,27.535514420431163,1249,,,,,,17.509941148643282,set1,48,0.2693539469497336,,,,,,0.12535128218959718
ONE-NAS (40 isl.),3.0,17.15193733285436,27.980855320098968,1249,,,,,,11.792628704358503,set1,48,0.18142258277855083,,,,,,0.12535128218959718
ONE-NAS (40 isl.),5.0,28.586562221423932,29.166985392401028,1249,,,,,,0.35800381578892027,set1,48,0.005508638143163705,,,,,,0.12535128218959718
ONE-NAS (40 isl.),1.0,4.780791170532561,34.2704640400956,1249,-7.2840790108273765,15.957809354597904,17.20653061275331,-0.581429363447044,3.4225225770733836,28.721354170150175,set1,49,0.38398815852802953,-0.32312314504202694,1.3426930628410323,1.0889397583568199,-0.05430712485638563,0.32226467191068076,0.10323103794241739
ONE-NAS (40 isl.),1.5,7.171186755798842,34.35467517463239,1249,,,,,,26.33095858488389,set1,49,0.3520425512391398,,,,,,0.10323103794241739
ONE-NAS (40 isl.),2.0,9.561582341065122,34.43888630916918,1249,,,,,,23.940562999617615,set1,49,0.32009426341253283,,,,,,0.10323103794241739
ONE-NAS (40 isl.),3.0,14.342373511597684,34.60730857824274,1249,,,,,,19.15977182908506,set1,49,0.2561901118055031,,,,,,0.10323103794241739
ONE-NAS (40 isl.),5.0,23.903955852662804,34.94415311638986,1249,,,,,,9.598189488019933,set1,49,0.1283547671789004,,,,,,0.10323103794241739
ONE-NAS (40 isl.),1.0,4.825366235730905,33.61474176787095,1249,12.944849028759469,15.321495035250646,14.921753911491653,9.419746205861275,4.061129401169025,56.66897358253207,set1,50,0.7311703703243498,0.5643739227825074,1.3008882697171398,0.9585903895402679,0.7906754636280797,0.320559874188543,0.10564655285258671
ONE-NAS (40 isl.),1.5,7.238049353596358,33.69447026924129,1249,,,,,,54.25629046466662,set1,50,0.7000724683261794,,,,,,0.10564655285258671
ONE-NAS (40 isl.),2.0,9.65073247146181,33.774198770611655,1249,,,,,,51.84360734680117,set1,50,0.668971236947189,,,,,,0.10564655285258671
ONE-NAS (40 isl.),3.0,14.476098707192715,33.93365577335235,1249,,,,,,47.01824111107026,set1,50,0.6067590703298009,,,,,,0.10564655285258671
ONE-NAS (40 isl.),5.0,24.12683117865453,34.25256977883374,1249,,,,,,37.36750863960846,set1,50,0.4822979139092194,,,,,,0.10564655285258671
ONE-NAS (40 isl.),1.0,4.8834448945444695,32.39481297996314,1249,-5.4776258666887765,13.967731957409962,18.434422275773265,1.818243616333765,-1.7905047889530643,26.952267193875162,set1,51,0.3758257633281408,-0.2949614125334275,1.1019963610875725,1.175958565417049,0.15409269113036997,-0.1498473742999514,0.10563179142775528
ONE-NAS (40 isl.),1.5,7.325167341816703,32.65928176072623,1249,,,,,,24.510544746602918,set1,51,0.34178939734208275,,,,,,0.10563179142775528
ONE-NAS (40 isl.),2.0,9.766889789088939,32.92375054148933,1249,,,,,,22.068822299330673,set1,51,0.30775040554839467,,,,,,0.10563179142775528
ONE-NAS (40 isl.),3.0,14.650334683633407,33.46966836343239,1249,,,,,,17.185377404786216,set1,51,0.2396650372743863,,,,,,0.10563179142775528
ONE-NAS (40 isl.),5.0,24.417224472722346,34.56778398532457,1249,,,,,,7.418487615697268,set1,51,0.1034682138301708,,,,,,0.10563179142775528
ONE-NAS (40 isl.),1.0,6.798612525626204,22.50709970697266,1251,19.451603781546524,14.405670870929843,4.174384056529204,11.154515466086211,21.318410423697543,70.50458459878932,set2,42,1.1875584966574186,1.0278313614211336,1.514861928622082,0.3959358418762283,1.1697489136908532,2.7663730873245536,0.13297912124183134
ONE-NAS (40 isl.),1.5,10.197918788439306,22.651522830946412,1251,,,,,,67.10527833597621,set2,42,1.1304263161601094,,,,,,0.13297912124183134
ONE-NAS (40 isl.),2.0,13.597225051252408,22.795945954920153,1251,,,,,,63.70597207316311,set2,42,1.073279140723794,,,,,,0.13297912124183134
ONE-NAS (40 isl.),3.0,20.395837576878613,23.08479220286765,1251,,,,,,56.907359547536906,set2,42,0.9589413064880017,,,,,,0.13297912124183134
ONE-NAS (40 isl.),5.0,33.993062628131014,23.662484698762636,1251,,,,,,43.310134496284505,set2,42,0.7301022439846351,,,,,,0.13297912124183134
ONE-NAS (40 isl.),1.0,6.672079876864876,22.260322466471298,1251,21.14072843561885,16.768227340286398,10.501417347486772,12.203799132521514,21.222622441612184,81.83679469752572,set2,43,1.2746882486760447,1.1120336580615404,1.4749946983630573,0.8165708892625438,1.2294634760977026,2.4377981692122144,0.13139085034026513
ONE-NAS (40 isl.),1.5,10.008119815297315,22.4017167408747,1251,,,,,,78.50075475909325,set2,43,1.2228346817865392,,,,,,0.13139085034026513
ONE-NAS (40 isl.),2.0,13.344159753729752,22.543111015278097,1251,,,,,,75.16471482066083,set2,43,1.1709697249048743,,,,,,0.13139085034026513
ONE-NAS (40 isl.),3.0,20.01623963059463,22.8258995640849,1251,,,,,,68.49263494379596,set2,43,1.0672067886878325,,,,,,0.13139085034026513
ONE-NAS (40 isl.),5.0,33.36039938432438,23.391476661698512,1251,,,,,,55.148475190066215,set2,43,0.8595568774134049,,,,,,0.13139085034026513
ONE-NAS (40 isl.),1.0,7.1424899135191735,24.95017863580511,1251,17.792090544369582,11.954091163669613,11.173202664510237,1.660581218288846,11.132373601396617,53.71233919223489,set2,44,0.8256136283802908,0.818302363774135,1.1803595516586198,0.9683364518815074,0.17488489203410568,1.4983200661459235,0.14087708132028326
ONE-NAS (40 isl.),1.5,10.713734870278758,25.092022074145376,1251,,,,,,50.1410942354753,set2,44,0.7707732668634233,,,,,,0.14087708132028326
ONE-NAS (40 isl.),2.0,14.284979827038347,25.2345193809337,1251,,,,,,46.569849278715715,set2,44,0.7159240570724354,,,,,,0.14087708132028326
ONE-NAS (40 isl.),3.0,21.427469740557516,25.52864242050081,1251,,,,,,39.427359365196544,set2,44,0.6062002419730216,,,,,,0.14087708132028326
ONE-NAS (40 isl.),5.0,35.71244956759586,26.125262608660304,1251,,,,,,25.142379538158206,set2,44,0.3866590884455638,,,,,,0.14087708132028326
ONE-NAS (40 isl.),1.0,6.906810139404422,19.040966145556297,1251,17.69020423148976,16.156516890762575,-0.08556124136476634,13.551078900564512,23.506953630005412,70.81919241145748,set2,45,1.1185323832344256,0.85790062230313,1.478750651506133,-0.0077687120631753995,1.496172864410787,3.0408951417207652,0.13557322233354335
ONE-NAS (40 isl.),1.5,10.360215209106633,19.192710459445745,1251,,,,,,67.36578734175527,set2,45,1.0640819434366087,,,,,,0.13557322233354335
ONE-NAS (40 isl.),2.0,13.813620278808845,19.344454773335194,1251,,,,,,63.91238227205306,set2,45,1.0096198580888525,,,,,,0.13557322233354335
ONE-NAS (40 isl.),3.0,20.720430418213265,19.647943401114095,1251,,,,,,57.00557213264863,set2,45,0.9006620918807913,,,,,,0.13557322233354335
ONE-NAS (40 isl.),5.0,34.53405069702211,20.254920656671896,1251,,,,,,43.1919518538398,set2,45,0.6826215861790407,,,,,,0.13557322233354335
ONE-NAS (40 isl.),1.0,7.092627277067932,17.02264237593924,1251,25.324599685063404,16.58782022429509,3.275149758123361,5.435668410944046,17.368048662843393,67.99128674126929,set2,46,1.0909960642226066,1.1668682490080502,1.739343151345246,0.32690830523445435,0.6166916051814956,2.6458535489816475,0.14154054856662035
ONE-NAS (40 isl.),1.5,10.638940915601898,17.173147897506595,1251,,,,,,64.44497310273532,set2,46,1.0341554854092512,,,,,,0.14154054856662035
ONE-NAS (40 isl.),2.0,14.185254554135865,17.323653419073953,1251,,,,,,60.898659464201366,set2,46,0.9773060287900138,,,,,,0.14154054856662035
ONE-NAS (40 isl.),3.0,21.277881831203796,17.62466446220867,1251,,,,,,53.806032187133425,set2,46,0.8635817618307884,,,,,,0.14154054856662035
ONE-NAS (40 isl.),5.0,35.463136385339666,18.226686548478106,1251,,,,,,39.62077763299756,set2,46,0.6360407849008625,,,,,,0.14154054856662035
ONE-NAS (40 isl.),1.0,6.3881756345756715,21.096029817800172,1251,23.72535904144797,19.086991582400557,9.75514794643241,15.67724496027271,25.222120379762064,93.46686391031574,set2,47,1.356290210491148,1.0135573816526455,1.8761206260932914,0.7794043796278225,1.6959557502062719,3.1399766025247247,0.12544287140752006
ONE-NAS (40 isl.),1.5,9.582263451863508,21.23563957497735,1251,,,,,,90.27277609302789,set2,47,1.3100065306587654,,,,,,0.12544287140752006
ONE-NAS (40 isl.),2.0,12.776351269151343,21.37524933215453,1251,,,,,,87.07868827574003,set2,47,1.2637161470573781,,,,,,0.12544287140752006
ONE-NAS (40 isl.),3.0,19.164526903727015,21.654468846508895,1251,,,,,,80.69051264116437,set2,47,1.1711161765915492,,,,,,0.12544287140752006
ONE-NAS (40 isl.),5.0,31.940878172878364,22.21290787521762,1251,,,,,,67.91416137201303,set2,47,0.9858457875986937,,,,,,0.12544287140752006
ONE-NAS (40 isl.),1.0,6.661982822128809,17.71028561938523,1251,16.041322663141518,20.74655027234526,6.086892017643327,8.07441319660642,24.597506417738668,75.5466845674752,set2,48,1.190470176197925,0.7947696796358019,2.0119387194840455,0.5076351483199412,0.8126703958376179,3.3099732186011988,0.1326255740917741
ONE-NAS (40 isl.),1.5,9.992974233193213,18.067304448633855,1251,,,,,,72.2156931564108,set2,48,1.138004984347943,,,,,,0.1326255740917741
ONE-NAS (40 isl.),2.0,13.323965644257617,18.424323277882515,1251,,,,,,68.8847017453464,set2,48,1.085535592531763,,,,,,0.1326255740917741
ONE-NAS (40 isl.),3.0,19.985948466386425,19.13836093637984,1251,,,,,,62.22271892321758,set2,48,0.980585316581025,,,,,,0.1326255740917741
ONE-NAS (40 isl.),5.0,33.309914110644044,20.566436253374455,1251,,,,,,48.89875327895998,set2,48,0.7706465533242867,,,,,,0.1326255740917741
ONE-NAS (40 isl.),1.0,6.719869639876294,22.53025781875408,1251,22.344660017537528,14.702721261782745,11.43222037422969,8.587069015710643,21.523461232784808,78.5901319020454,set2,49,1.2333574861049224,1.118852342283305,1.423860933023653,0.913355003385602,0.9136146808001492,2.6151032407410026,0.13094175141446987
ONE-NAS (40 isl.),1.5,10.079804459814442,22.670244137649956,1251,,,,,,75.23019708210728,set2,49,1.1807439898914072,,,,,,0.13094175141446987
ONE-NAS (40 isl.),2.0,13.439739279752589,22.81065979055882,1251,,,,,,71.8702622621691,set2,49,1.1281179836333568,,,,,,0.13094175141446987
ONE-NAS (40 isl.),3.0,20.159608919628884,23.091491096376533,1251,,,,,,65.15039262229281,set2,49,1.0228296504793706,,,,,,0.13094175141446987
ONE-NAS (40 isl.),5.0,33.599348199381474,23.66739424018883,1251,,,,,,51.71065334254023,set2,49,0.8121161892594453,,,,,,0.13094175141446987
ONE-NAS (40 isl.),1.0,6.599814499813704,25.310940161670775,1251,22.510148934317698,20.188014705526584,9.085018818622089,11.198164459063888,24.783246155287515,87.76459307281777,set2,50,1.25787466797812,0.9161447321509777,2.0860551225994115,0.7888506499801037,1.1507534274076763,3.2624541074976143,0.1311808760227689
ONE-NAS (40 isl.),1.5,9.899721749720555,25.46036680331753,1251,,,,,,84.46468582291092,set2,50,1.210609845730848,,,,,,0.1311808760227689
ONE-NAS (40 isl.),2.0,13.199628999627407,25.609793444964275,1251,,,,,,81.16477857300406,set2,50,1.1633408056306171,,,,,,0.1311808760227689
ONE-NAS (40 isl.),3.0,19.79944349944111,25.908646728257768,1251,,,,,,74.56496407319037,set2,50,1.0687909590422104,,,,,,0.1311808760227689
ONE-NAS (40 isl.),5.0,32.99907249906852,26.506353294844747,1251,,,,,,61.36533507356297,set2,50,0.8796504150882716,,,,,,0.1311808760227689
ONE-NAS (40 isl.),1.0,7.101492080880692,16.207886619213124,1251,17.001295733584364,12.377828279550975,8.864242803828912,3.6600126741624988,20.13870480593835,62.042084297065095,set2,51,1.1367030242762544,1.018917811187785,1.4142080528595748,0.8526773134756312,0.40359513223895416,2.7293186422362616,0.13995517794158305
ONE-NAS (40 isl.),1.5,10.652238121321036,16.353625333646313,1251,,,,,,58.49133825662476,set2,51,1.071728193606144,,,,,,0.13995517794158305
ONE-NAS (40 isl.),2.0,14.202984161761384,16.499364048079507,1251,,,,,,54.940592216184406,set2,51,1.0067408367205524,,,,,,0.13995517794158305
ONE-NAS (40 isl.),3.0,21.30447624264207,16.79084147694589,1251,,,,,,47.83910013530372,set2,51,0.8767307100734039,,,,,,0.13995517794158305
ONE-NAS (40 isl.),5.0,35.507460404403446,17.37379633467866,1251,,,,,,33.63611597354234,set2,51,0.6165839941417927,,,,,,0.13995517794158305
ONE-NAS (40 isl.),1.0,4.689503426080015,23.96924936121899,1250,4.804033860592518,13.566088776951023,1.5548614830294571,20.806902927954802,-4.895871120840117,35.83601592768768,set3,42,0.4984718041457027,0.2601610969026001,1.125199366196941,0.09936573883839593,1.818257232352243,-0.3699947662837683,0.10224707445466535
ONE-NAS (40 isl.),1.5,7.034255139120021,24.339748832418145,1250,,,,,,33.491264214647664,set3,42,0.46587611555428415,,,,,,0.10224707445466535
ONE-NAS (40 isl.),2.0,9.37900685216003,24.72691511418168,1250,,,,,,31.146512501607663,set3,42,0.43327733459184364,,,,,,0.10224707445466535
ONE-NAS (40 isl.),3.0,14.068510278240042,25.501247677708673,1250,,,,,,26.457009075527647,set3,42,0.36807084252946326,,,,,,0.10224707445466535
ONE-NAS (40 isl.),5.0,23.447517130400072,27.049912804762734,1250,,,,,,17.078002223367616,set3,42,0.2376245691420398,,,,,,0.10224707445466535
ONE-NAS (40 isl.),1.0,5.281236056806338,26.40218437129803,1250,6.145584730662206,11.780937342074024,-2.533767734749595,28.057323688881453,-1.08331122261905,42.36676680424904,set3,43,0.5986857779411159,0.31354337632249957,0.90601706927265,-0.18220313651434697,2.4854461694913494,-0.09439720066356012,0.11333698230489415
ONE-NAS (40 isl.),1.5,7.921854085209506,26.80466714676007,1250,,,,,,39.72614877584587,set3,43,0.5614071460349555,,,,,,0.11333698230489415
ONE-NAS (40 isl.),2.0,10.562472113612676,27.207149922222047,1250,,,,,,37.0855307474427,set3,43,0.5241230731742322,,,,,,0.11333698230489415
ONE-NAS (40 isl.),3.0,15.843708170419012,28.012115473146043,1250,,,,,,31.804294690636358,set3,43,0.44953916264071747,,,,,,0.11333698230489415
ONE-NAS (40 isl.),5.0,26.406180284031684,29.62204657499402,1250,,,,,,21.241822577023687,set3,43,0.30031219482663885,,,,,,0.11333698230489415
ONE-NAS (40 isl.),1.0,5.13278676230803,21.236770600625558,1250,16.478640962092758,8.129690217659777,-0.13323120830629892,16.340401900020616,-4.303517824898406,36.51198404656844,set3,44,0.5028952873032809,0.818689770750328,0.6647896056321089,-0.008770036014326793,1.5205446134279013,-0.3420626327987725,0.11099991487295108
ONE-NAS (40 isl.),1.5,7.699180143462046,21.573208721278952,1250,,,,,,33.94559066541442,set3,44,0.4675760075764039,,,,,,0.11099991487295108
ONE-NAS (40 isl.),2.0,10.26557352461606,21.9096468419324,1250,,,,,,31.379197284260407,set3,44,0.4322519949545356,,,,,,0.11099991487295108
ONE-NAS (40 isl.),3.0,15.398360286924092,22.58252308323925,1250,,,,,,26.246410521952377,set3,44,0.3615901470924737,,,,,,0.11099991487295108
ONE-NAS (40 isl.),5.0,25.66393381154015,24.05264730629773,1250,,,,,,15.980836997336315,set3,44,0.22021379729353688,,,,,,0.11099991487295108
ONE-NAS (40 isl.),1.0,5.684301624761069,23.92721315225884,1250,18.757562115952823,6.222374003243732,-9.813959393757532,11.804646462715496,-1.83557368403776,25.135049504116765,set3,45,0.38108227816192275,1.0397204616240932,0.4758787552995734,-0.7915928218272792,1.2158462265306635,-0.16154812583304246,0.12247581021722743
ONE-NAS (40 isl.),1.5,8.526452437141604,24.39824302948363,1250,,,,,,22.292898691736234,set3,45,0.33802417085669473,,,,,,0.12247581021722743
ONE-NAS (40 isl.),2.0,11.368603249522138,24.869272906708417,1250,,,,,,19.450747879355703,set3,45,0.2949572943378868,,,,,,0.12247581021722743
ONE-NAS (40 isl.),3.0,17.052904874283207,25.816763110036423,1250,,,,,,13.76644625459462,set3,45,0.2087979225436744,,,,,,0.12247581021722743
ONE-NAS (40 isl.),5.0,28.421508123805346,27.90762689465512,1250,,,,,,2.3978430050724824,set3,45,0.03638153732615324,,,,,,0.12247581021722743
ONE-NAS (40 isl.),1.0,4.580176309307193,23.34055733636882,1250,7.05855038770088,12.719030221368682,-1.4603848590667017,28.360439213762444,-8.225578313972138,38.45205664979317,set3,46,0.5221491655214998,0.3683244074749249,1.1685428579982784,-0.09007303386867513,2.3719745688028215,-0.5891248146522128,0.09932705376126853
ONE-NAS (40 isl.),1.5,6.87026446396079,23.568373473242303,1250,,,,,,36.161968495139575,set3,46,0.4910595574696135,,,,,,0.09932705376126853
ONE-NAS (40 isl.),2.0,9.160352618614386,23.796189610115768,1250,,,,,,33.871880340485994,set3,46,0.45996858638713123,,,,,,0.09932705376126853
ONE-NAS (40 isl.),3.0,13.74052892792158,24.25182188386273,1250,,,,,,29.291704031178778,set3,46,0.39778283705230877,,,,,,0.09932705376126853
ONE-NAS (40 isl.),5.0,22.90088154653596,25.664668663641656,1250,,,,,,20.131351412564403,set3,46,0.2733980839646686,,,,,,0.09932705376126853
ONE-NAS (40 isl.),1.0,5.239509817773139,23.05200334513072,1250,12.735477987044346,10.00346047019392,-0.074431963041377,27.074403671081637,-10.054529325841674,39.684380839436855,set3,47,0.5011402285937929,0.6096843577595616,0.7037177274210789,-0.004136716948686521,2.370044944824411,-0.7794936874012679,0.11336537336784526
ONE-NAS (40 isl.),1.5,7.859264726659708,23.16237036932528,1250,,,,,,37.06462593055028,set3,47,0.4680899955598292,,,,,,0.11336537336784526
ONE-NAS (40 isl.),2.0,10.479019635546278,23.4142913156074,1250,,,,,,34.444871021663715,set3,47,0.4350347978775833,,,,,,0.11336537336784526
ONE-NAS (40 isl.),3.0,15.718529453319416,23.918133208171625,1250,,,,,,29.20536120389058,set3,47,0.36890985623763023,,,,,,0.11336537336784526
ONE-NAS (40 isl.),5.0,26.197549088865696,24.92581699330011,1250,,,,,,18.72634156834428,set3,47,0.23660422565187966,,,,,,0.11336537336784526
ONE-NAS (40 isl.),1.0,5.204632468217506,26.95555656097784,1250,12.293273551654659,7.828828603314436,-2.596488241939185,15.859341223996845,-5.007830917507948,28.377124219518812,set3,48,0.3513892694925365,0.5526297006027592,0.5421995734074448,-0.1498907602105225,1.3876948896578405,-0.375852429910812,0.11307899596308363
ONE-NAS (40 isl.),1.5,7.806948702326258,27.37833694596828,1250,,,,,,25.774807985410046,set3,48,0.31918459882442995,,,,,,0.11307899596308363
ONE-NAS (40 isl.),2.0,10.409264936435012,27.801117330958697,1250,,,,,,23.172491751301305,set3,48,0.2869757998192521,,,,,,0.11307899596308363
ONE-NAS (40 isl.),3.0,15.613897404652516,28.646678100939592,1250,,,,,,17.96785928308378,set3,48,0.22254610509054645,,,,,,0.11307899596308363
ONE-NAS (40 isl.),5.0,26.023162341087527,30.33779964090132,1250,,,,,,7.558594346648789,set3,48,0.09364034975495066,,,,,,0.11307899596308363
ONE-NAS (40 isl.),1.0,5.029230866497543,26.47273206037093,1250,7.053384890830854,9.410218543261427,4.813565756789109,22.495999688913905,-1.449326554481338,42.323842325313954,set3,49,0.5933295079988442,0.35869705654586825,0.773597138038475,0.3163349952848426,2.130498772693454,-0.12030586217019344,0.10740620341079714
ONE-NAS (40 isl.),1.5,7.543846299746315,26.54753762731415,1250,,,,,,39.80922689206518,set3,49,0.558100067812492,,,,,,0.10740620341079714
ONE-NAS (40 isl.),2.0,10.058461732995086,26.622343194257375,1250,,,,,,37.294611458816405,set3,49,0.5228672645635949,,,,,,0.10740620341079714
ONE-NAS (40 isl.),3.0,15.08769259949263,26.77195432814383,1250,,,,,,32.26538059231886,set3,49,0.45239199430905447,,,,,,0.10740620341079714
ONE-NAS (40 isl.),5.0,25.14615433248771,27.071176595916725,1250,,,,,,22.20691885932379,set3,49,0.3114057797434694,,,,,,0.10740620341079714
ONE-NAS (40 isl.),1.0,5.184624419427908,23.71566975940914,1250,13.355890350315594,6.414843840230558,2.526689048458106,19.778815613052625,-6.688586975656982,35.38765187639991,set3,50,0.47875510349884004,0.6398530395868954,0.5481581491216411,0.17185537354230623,1.8169909627152456,-0.4855867645934477,0.11328358369990248
ONE-NAS (40 isl.),1.5,7.776936629141861,23.779363978755224,1250,,,,,,32.79533966668594,set3,50,0.44370927844883506,,,,,,0.11328358369990248
ONE-NAS (40 isl.),2.0,10.369248838855816,23.843058198101314,1250,,,,,,30.203027456972,set3,50,0.4086590548382957,,,,,,0.11328358369990248
ONE-NAS (40 isl.),3.0,15.553873258283723,23.97044663679348,1250,,,,,,25.01840303754409,set3,50,0.33854583157663737,,,,,,0.11328358369990248
ONE-NAS (40 isl.),5.0,25.923122097139537,24.22736923273581,1250,,,,,,14.64915419868828,set3,50,0.1982712224232642,,,,,,0.11328358369990248
ONE-NAS (40 isl.),1.0,5.146135906689462,25.896271280052975,1250,4.098989425369011,11.854786360001226,-0.21162854917236712,17.57714996134515,-8.445941408219326,24.873355789323696,set3,51,0.32479485755999715,0.20548823172790168,0.8454609042632695,-0.012077810188413089,1.6181996309170492,-0.6695497283190301,0.11214708688628022
ONE-NAS (40 isl.),1.5,7.719203860034193,26.14071369307131,1250,,,,,,22.300287835978956,set3,51,0.29121297076266667,,,,,,0.11214708688628022
ONE-NAS (40 isl.),2.0,10.292271813378925,26.385156106089692,1250,,,,,,19.727219882634223,set3,51,0.25762690012632133,,,,,,0.11214708688628022
ONE-NAS (40 isl.),3.0,15.438407720068385,27.001536885874945,1250,,,,,,14.58108397594477,set3,51,0.19044258364031727,,,,,,0.11214708688628022
ONE-NAS (40 isl.),5.0,25.73067953344731,28.690140860379422,1250,,,,,,4.288812162565847,set3,51,0.056027887623174434,,,,,,0.11214708688628022
ONE-NAS (40 isl.),1.0,5.433660616858896,25.808290416970635,1251,-12.399851210043792,8.117536030090323,5.375240240438731,20.632902568924568,10.880652145409748,32.60647977481956,set4,42,0.4840308409560998,-0.552962732688465,0.6911184197898025,0.47538271609449856,2.307520606320936,1.3664725870163763,0.11999887393236429
ONE-NAS (40 isl.),1.5,8.150490925288343,26.064426377740666,1251,,,,,,29.889649466390132,set4,42,0.4437182888011718,,,,,,0.11999887393236429
ONE-NAS (40 isl.),2.0,10.867321233717792,26.320562338510694,1251,,,,,,27.17281915796067,set4,42,0.4034018785764603,,,,,,0.11999887393236429
ONE-NAS (40 isl.),3.0,16.300981850576687,26.83283426005075,1251,,,,,,21.739158541101773,set4,42,0.32275823744937115,,,,,,0.11999887393236429
ONE-NAS (40 isl.),5.0,27.16830308429448,27.857378103130838,1251,,,,,,10.871837307383997,set4,42,0.161432952236587,,,,,,0.11999887393236429
ONE-NAS (40 isl.),1.0,5.325832250447085,16.990050406959966,1251,1.2111102513081298,10.34989637816962,6.2787224663133525,18.440228761122956,13.791876674939097,50.071834531853156,set4,43,0.775833981785128,0.06051965506839823,0.908812705174965,0.5386993579881869,1.9468420394820598,1.5227800284695012,0.1168998660493738
ONE-NAS (40 isl.),1.5,7.988748375670627,17.070017626834183,1251,,,,,,47.40891840662962,set4,43,0.7345995619111227,,,,,,0.1168998660493738
ONE-NAS (40 isl.),2.0,10.65166450089417,17.149984846708392,1251,,,,,,44.746002281406085,set4,43,0.6933613044728107,,,,,,0.1168998660493738
ONE-NAS (40 isl.),3.0,15.977496751341254,17.30991928645682,1251,,,,,,39.420170030959,set4,43,0.6108739371823269,,,,,,0.1168998660493738
ONE-NAS (40 isl.),5.0,26.629161252235427,17.629788165953666,1251,,,,,,28.768505530064825,set4,43,0.4458604190383493,,,,,,0.1168998660493738
ONE-NAS (40 isl.),1.0,5.185998446256933,25.15718345763584,1251,-10.762590677398803,8.297537122700087,4.010169759264212,19.19237782427472,15.069804754796968,35.80729878363718,set4,44,0.5044140587015897,-0.44947666360872673,0.7115915528967098,0.3282060623109623,2.137178626479151,1.7532805013282011,0.11528448176796548
ONE-NAS (40 isl.),1.5,7.778997669385399,25.240019793491243,1251,,,,,,33.21429956050871,set4,44,0.46789270603272654,,,,,,0.11528448176796548
ONE-NAS (40 isl.),2.0,10.371996892513867,25.322856129346654,1251,,,,,,30.621300337380248,set4,44,0.43136993163121207,,,,,,0.11528448176796548
ONE-NAS (40 isl.),3.0,15.557995338770798,25.488528801057477,1251,,,,,,25.43530189112332,set4,44,0.3583206127243526,,,,,,0.11528448176796548
ONE-NAS (40 isl.),5.0,25.929992231284665,25.819874144479112,1251,,,,,,15.063304998609443,set4,44,0.21221036123754436,,,,,,0.11528448176796548
ONE-NAS (40 isl.),1.0,5.25936174755046,22.0152978915374,1251,-8.908222633947295,7.6758001254831205,-0.5108102067745593,24.52188916403128,14.335688843064299,37.11434529185686,set4,45,0.5755476989315617,-0.4570147505267482,0.6437867348765915,-0.041835345523242175,2.4705615210233187,1.7786753713190422,0.11550518756705543
ONE-NAS (40 isl.),1.5,7.8890426213256895,22.283149845098457,1251,,,,,,34.48466441808163,set4,45,0.5347545498279507,,,,,,0.11550518756705543
ONE-NAS (40 isl.),2.0,10.51872349510092,22.564037412211405,1251,,,,,,31.854983544306393,set4,45,0.4939627837758302,,,,,,0.11550518756705543
ONE-NAS (40 isl.),3.0,15.778085242651379,23.12581254643728,1251,,,,,,26.595621796755935,set4,45,0.4123840839574986,,,,,,0.11550518756705543
ONE-NAS (40 isl.),5.0,26.2968087377523,24.24936281488904,1251,,,,,,16.076898301655014,set4,45,0.24925079251316476,,,,,,0.11550518756705543
ONE-NAS (40 isl.),1.0,5.507876582143669,22.281689712331058,1251,-8.449279936102771,11.97223399026675,6.462360229276124,16.04215814397187,9.827836079631252,35.85530850704321,set4,46,0.5411832188392823,-0.3845756486403011,1.0601986892702961,0.5847238362537884,1.7723026704580862,1.1872706626462903,0.12072543715449123
ONE-NAS (40 isl.),1.5,8.261814873215503,22.360469258554797,1251,,,,,,33.101370215971386,set4,46,0.49965473593364973,,,,,,0.12072543715449123
ONE-NAS (40 isl.),2.0,11.015753164287338,22.439248804778533,1251,,,,,,30.347431924899542,set4,46,0.45811916843181405,,,,,,0.12072543715449123
ONE-NAS (40 isl.),3.0,16.523629746431006,22.59680789722601,1251,,,,,,24.839555342755872,set4,46,0.37502757646501766,,,,,,0.12072543715449123
ONE-NAS (40 isl.),5.0,27.539382910718345,22.911926082120956,1251,,,,,,13.823802178468542,set4,46,0.20876815275325458,,,,,,0.12072543715449123
ONE-NAS (40 isl.),1.0,5.213439707842218,28.35481400094151,1251,-19.81360637538646,11.726903191077557,1.6187847093202603,17.526174353055225,11.69642570138603,22.75468157945262,set4,47,0.3295925482778305,-0.8192600096736277,1.0014365975253363,0.15903260536644925,1.984051290697969,1.5964460314784643,0.11506180283933959
ONE-NAS (40 isl.),1.5,7.820159561763326,28.616582338432174,1251,,,,,,20.147961725531513,set4,47,0.29183348032218126,,,,,,0.11506180283933959
ONE-NAS (40 isl.),2.0,10.426879415684436,28.87835067592284,1251,,,,,,17.541241871610396,set4,47,0.25407460118782266,,,,,,0.11506180283933959
ONE-NAS (40 isl.),3.0,15.640319123526652,29.401887350904175,1251,,,,,,12.327802163768183,set4,47,0.17855788646966805,,,,,,0.11506180283933959
ONE-NAS (40 isl.),5.0,26.067198539211084,30.65076071705681,1251,,,,,,1.9009227480837387,set4,47,0.027531970268030476,,,,,,0.11506180283933959
ONE-NAS (40 isl.),1.0,4.839467921535492,18.778499111277906,1251,-1.3250762128285047,11.05196429693121,1.619029991890814,27.14809075626935,15.212269379394689,53.706278211657555,set4,48,0.8142763889001823,-0.06156788976984926,0.9689269763951559,0.14069271671139005,2.81630782022755,2.038069355664884,0.10594174104744282
ONE-NAS (40 isl.),1.5,7.259201882303239,18.86101931560789,1251,,,,,,51.28654425088981,set4,48,0.7776267193059441,,,,,,0.10594174104744282
ONE-NAS (40 isl.),2.0,9.678935843070985,18.943539519937882,1251,,,,,,48.86681029012207,set4,48,0.7409725700792734,,,,,,0.10594174104744282
ONE-NAS (40 isl.),3.0,14.518403764606479,19.10857992859786,1251,,,,,,44.027342368586574,set4,48,0.6676513895626225,,,,,,0.10594174104744282
ONE-NAS (40 isl.),5.0,24.197339607677463,19.438660745917815,1251,,,,,,34.34840652551559,set4,48,0.520961402921328,,,,,,0.10594174104744282
ONE-NAS (40 isl.),1.0,5.039402334835455,18.124698333916093,1251,-1.112616015323384,11.796510342607222,1.5280024321914956,19.508597220165615,12.699511293436577,44.42000527307752,set4,49,0.7019174972294102,-0.05623778627416356,1.0364869317718215,0.13531726668276922,2.0850160489554166,1.5261868750914576,0.11082553219733006
ONE-NAS (40 isl.),1.5,7.5591035022531825,18.210892034795755,1251,,,,,,41.9003041056598,set4,49,0.6621372064595585,,,,,,0.11082553219733006
ONE-NAS (40 isl.),2.0,10.07880466967091,18.297085735675424,1251,,,,,,39.38060293824207,set4,49,0.6223517444433903,,,,,,0.11082553219733006
ONE-NAS (40 isl.),3.0,15.118207004506365,18.51608463708187,1251,,,,,,34.34120060340662,set4,49,0.5427659877048179,,,,,,0.11082553219733006
ONE-NAS (40 isl.),5.0,25.197011674177276,19.629992310693613,1251,,,,,,24.262395933735714,set4,49,0.3835399170016346,,,,,,0.11082553219733006
ONE-NAS (40 isl.),1.0,5.281491649695232,20.731442751423174,1251,5.879174180051476,17.80061675142179,2.1908011682007156,15.148918098132413,10.34785130972226,51.367361507528656,set4,50,0.7773739545834119,0.2730308032265886,1.4665503867073975,0.19578986084286876,1.6973460038659862,1.3020691951196564,0.11685473619850698
ONE-NAS (40 isl.),1.5,7.922237474542847,20.80801947008793,1251,,,,,,48.726615682681036,set4,50,0.737448376095155,,,,,,0.11685473619850698
ONE-NAS (40 isl.),2.0,10.562983299390464,20.884596188752685,1251,,,,,,46.085869857833416,set4,50,0.6975178295121662,,,,,,0.11685473619850698
ONE-NAS (40 isl.),3.0,15.844474949085694,21.037749626082196,1251,,,,,,40.80437820813819,set4,50,0.6176423807126022,,,,,,0.11685473619850698
ONE-NAS (40 isl.),5.0,26.407458248476154,21.344056500741225,1251,,,,,,30.241394908747733,set4,50,0.45783790613563424,,,,,,0.11685473619850698
ONE-NAS (40 isl.),1.0,5.357767548713365,25.508821495559896,1251,-11.869697010438612,6.973826405723253,5.397118655253825,23.528987873572653,15.409376911598205,39.43961283570933,set4,51,0.5900518853525578,-0.5311501548146857,0.6209103974069627,0.46731917745521645,2.6030713382514397,2.0441026209771254,0.11744023321917696
ONE-NAS (40 isl.),1.5,8.036651323070046,25.788204621364997,1251,,,,,,36.760729061352635,set4,51,0.5500063998218557,,,,,,0.11744023321917696
ONE-NAS (40 isl.),2.0,10.71553509742673,26.06758774717012,1251,,,,,,34.08184528699596,set4,51,0.5099554137854391,,,,,,0.11744023321917696
ONE-NAS (40 isl.),3.0,16.073302646140093,26.62635399878034,1251,,,,,,28.724077738282595,set4,51,0.42983758896061136,,,,,,0.11744023321917696
ONE-NAS (40 isl.),5.0,26.78883774356682,27.743886502000777,1251,,,,,,18.008542640855865,set4,51,0.2695430762984629,,,,,,0.11744023321917696
ONE-NAS (8 isl.),1.0,5.685791526244318,44.902182257882586,1249,-23.19575910207853,7.142771080620079,9.880248193241622,9.958897864769655,8.85808010264515,12.644238139197983,set1,42,0.18063148616742722,-1.1533725783583795,0.5745077884926432,0.6848459714009622,0.9762140006095853,0.8333699708770896,0.12172935380401693
ONE-NAS (8 isl.),1.5,8.528687289366475,45.17886052674745,1249,,,,,,9.801342376075834,set1,42,0.14001752754439245,,,,,,0.12172935380401693
ONE-NAS (8 isl.),2.0,11.371583052488637,45.45553879561231,1249,,,,,,6.958446612953684,set1,42,0.09940415653540881,,,,,,0.12172935380401693
ONE-NAS (8 isl.),3.0,17.05737457873295,46.00889533334202,1249,,,,,,1.2726550867093485,set1,42,0.018179912871703358,,,,,,0.12172935380401693
ONE-NAS (8 isl.),5.0,28.428957631221582,47.11560840880147,1249,,,,,,-10.098927965779279,set1,42,-0.1442534339746567,,,,,,0.12172935380401693
ONE-NAS (8 isl.),1.0,4.929335845128291,31.239587322257872,1249,0.5518363775726676,18.933957735434873,12.128772199864368,10.030118211681344,0.6744525466947933,42.31913707124805,set1,43,0.652450625443093,0.028389733323908074,1.7068623770712483,1.0605817965461724,0.9881705112273742,0.06376731647712923,0.10741659724270683
ONE-NAS (8 isl.),1.5,7.3940037676924355,31.54622124707755,1249,,,,,,39.8544691486839,set1,43,0.6144659374787297,,,,,,0.10741659724270683
ONE-NAS (8 isl.),2.0,9.858671690256582,31.852855171897236,1249,,,,,,37.38980122611976,set1,43,0.5764785885707602,,,,,,0.10741659724270683
ONE-NAS (8 isl.),3.0,14.788007535384871,32.46612302153659,1249,,,,,,32.46046538099146,set1,43,0.5004966368273353,,,,,,0.10741659724270683
ONE-NAS (8 isl.),5.0,24.64667922564145,33.692658720815295,1249,,,,,,22.601793690734887,set1,43,0.34850882296327323,,,,,,0.10741659724270683
ONE-NAS (8 isl.),1.0,6.104492474105406,37.50344747564544,1249,-4.368967059846907,5.630215329159065,12.966401244765768,1.9182090172434128,-5.997432847637642,10.148425683683692,set1,44,0.14225745732739123,-0.20502562807600594,0.4711929951709839,1.1531544493741979,0.1612084876536405,-0.47632198948342963,0.1338160015506166
ONE-NAS (8 isl.),1.5,9.15673871115811,37.589589882901755,1249,,,,,,7.096179446631002,set1,44,0.09948142459917039,,,,,,0.1338160015506166
ONE-NAS (8 isl.),2.0,12.208984948210812,37.67573229015807,1249,,,,,,4.043933209578291,set1,44,0.05669722429159534,,,,,,0.1338160015506166
ONE-NAS (8 isl.),3.0,18.31347742231622,37.8480171046707,1249,,,,,,-2.060559264527114,set1,44,-0.028894946660741938,,,,,,0.1338160015506166
ONE-NAS (8 isl.),5.0,30.522462370527034,38.19258673369596,1249,,,,,,-14.269544212737925,set1,44,-0.20016923180551535,,,,,,0.1338160015506166
ONE-NAS (8 isl.),1.0,5.669593222300852,15.620362765089288,1249,22.16027037289846,7.689027552107149,0.6121646055582665,11.160799541286808,5.869717021242157,47.49197909309284,set1,45,0.7433410991642263,1.2288658738969607,0.7262290256256536,0.048359739808279074,1.1498077915901477,0.517644009892845,0.12454076981307867
ONE-NAS (8 isl.),1.5,8.504389833451278,15.757243714952999,1249,,,,,,44.65718248194243,set1,45,0.6990095313802678,,,,,,0.12454076981307867
ONE-NAS (8 isl.),2.0,11.339186444601705,15.894124664816708,1249,,,,,,41.82238587079199,set1,45,0.6546720204125377,,,,,,0.12454076981307867
ONE-NAS (8 isl.),3.0,17.008779666902555,16.167886564544137,1249,,,,,,36.152792648491136,set1,45,0.5659800287987133,,,,,,0.12454076981307867
ONE-NAS (8 isl.),5.0,28.347966111504267,16.715410363998984,1249,,,,,,24.813606203889442,set1,45,0.38853419417193746,,,,,,0.12454076981307867
ONE-NAS (8 isl.),1.0,5.610224298796805,28.336577705460808,1249,-8.17559047613777,18.17183799840862,23.68961979410423,-5.927332350237127,0.9443937528292756,28.702928718967236,set1,46,0.3763914187350776,-0.41255803126810214,1.3246235901488763,1.4740432924293514,-0.45968018912070574,0.07431014754632162,0.12195526461897772
ONE-NAS (8 isl.),1.5,8.415336448195209,28.644625050363782,1249,,,,,,25.89781656956883,set1,46,0.3395990971235208,,,,,,0.12195526461897772
ONE-NAS (8 isl.),2.0,11.22044859759361,28.95267239526675,1249,,,,,,23.092704420170417,set1,46,0.30280810421531257,,,,,,0.12195526461897772
ONE-NAS (8 isl.),3.0,16.830672896390418,29.568767085072682,1249,,,,,,17.48248012137362,set1,46,0.22923066796039304,,,,,,0.12195526461897772
ONE-NAS (8 isl.),5.0,28.051121493984024,30.800956464684553,1249,,,,,,6.26203152377999,set1,46,0.08209793556602919,,,,,,0.12195526461897772
ONE-NAS (8 isl.),1.0,5.048662211511014,36.997419983375536,1249,-20.014434860552452,7.729164805341444,10.223273383196974,5.246277559225394,-4.046184571479122,-0.8619036842677646,set1,47,-0.011990004645831897,-1.0989260745817777,0.6887598539074584,0.6463410958817818,0.4338869050584444,-0.2999950777158136,0.10649884959979858
ONE-NAS (8 isl.),1.5,7.572993317266522,37.22133390852891,1249,,,,,,-3.3862347900232694,set1,47,-0.047106556304163806,,,,,,0.10649884959979858
ONE-NAS (8 isl.),2.0,10.097324423022028,37.4452478336823,1249,,,,,,-5.91056589577878,set1,47,-0.0822235981814262,,,,,,0.10649884959979858
ONE-NAS (8 isl.),3.0,15.145986634533044,37.89307568398905,1249,,,,,,-10.959228107289789,set1,47,-0.15245861907596908,,,,,,0.10649884959979858
ONE-NAS (8 isl.),5.0,25.24331105755507,38.78873138460257,1249,,,,,,-21.05655253031183,set1,47,-0.29292867442772863,,,,,,0.10649884959979858
ONE-NAS (8 isl.),1.0,5.403089522707523,45.93496761074776,1249,-35.34241367760092,11.770526695903701,10.272010137677722,-6.574663688859282,2.594689965518234,-17.279850567360533,set1,48,-0.238007045291888,-1.712483180670938,0.7726322015545296,0.7047992814623549,-0.6746719950145821,0.2701144801946872,0.11411332212262904
ONE-NAS (8 isl.),1.5,8.104634284061284,46.37149036748073,1249,,,,,,-19.981395328714306,set1,48,-0.27522688089812897,,,,,,0.11411332212262904
ONE-NAS (8 isl.),2.0,10.806179045415046,46.80801312421367,1249,,,,,,-22.682940090068072,set1,48,-0.31244883604906726,,,,,,0.11411332212262904
ONE-NAS (8 isl.),3.0,16.209268568122567,47.681058637679605,1249,,,,,,-28.086029612775604,set1,48,-0.38689840949572385,,,,,,0.11411332212262904
ONE-NAS (8 isl.),5.0,27.015447613537617,49.437682577307044,1249,,,,,,-38.892208658190626,set1,48,-0.5358153373317086,,,,,,0.11411332212262904
ONE-NAS (8 isl.),1.0,6.38222084447502,55.67878644105041,1249,-39.20026628309836,-5.09588212620337,10.394340662998683,3.195910365413231,-4.584487925048179,-35.290385305938024,set1,49,-0.42542786437184543,-1.4660441673408993,-0.4559683064893143,0.5571000869937912,0.3128919558311633,-0.47821240975679596,0.1390787406613515
ONE-NAS (8 isl.),1.5,9.57333126671253,57.16302942430721,1249,,,,,,-38.48149572817552,set1,49,-0.46388441793132545,,,,,,0.1390787406613515
ONE-NAS (8 isl.),2.0,12.76444168895004,58.647272407564024,1249,,,,,,-41.67260615041304,set1,49,-0.5023384515404392,,,,,,0.1390787406613515
ONE-NAS (8 isl.),3.0,19.14666253342506,61.615758374077615,1249,,,,,,-48.05482699488803,set1,49,-0.579238546998659,,,,,,0.1390787406613515
ONE-NAS (8 isl.),5.0,31.911104222375105,72.25731570667494,1249,,,,,,-60.81926868383809,set1,49,-0.7330039697508535,,,,,,0.1390787406613515
ONE-NAS (8 isl.),1.0,6.040919855756602,42.06548546574371,1249,-14.843840019868459,3.5942517360724664,7.964316178583447,-1.3311589454496182,5.736168347946287,1.119737297284118,set1,50,0.014801607961494085,-0.6935350852140441,0.24875473181043176,0.5434774047034361,-0.121890316359262,0.4674718636416116,0.13237691543917257
ONE-NAS (8 isl.),1.5,9.061379783634903,42.3851424777349,1249,,,,,,-1.9007226305941851,set1,50,-0.025126535799975227,,,,,,0.13237691543917257
ONE-NAS (8 isl.),2.0,12.081839711513204,42.70479948972607,1249,,,,,,-4.921182558472488,set1,50,-0.06505848169348925,,,,,,0.13237691543917257
ONE-NAS (8 isl.),3.0,18.122759567269807,43.34411351370843,1249,,,,,,-10.962102414229072,set1,50,-0.14493318346186582,,,,,,0.13237691543917257
ONE-NAS (8 isl.),5.0,30.204599278783007,44.62274156167311,1249,,,,,,-23.043942125742284,set1,50,-0.3047216475305813,,,,,,0.13237691543917257
ONE-NAS (8 isl.),1.0,5.484667964303226,35.285277565210684,1249,-6.133371812673416,11.459499905202055,12.994638425624943,11.216077747550948,1.9427425668299838,31.479586832534512,set1,51,0.46100888826040937,-0.3019603991848485,1.1266357833754208,0.9846983802240322,1.0879216882295581,0.16355497443716147,0.12184859827187317
ONE-NAS (8 isl.),1.5,8.227001946454838,35.56307598617333,1249,,,,,,28.737252850382905,set1,51,0.4208639171666671,,,,,,0.12184859827187317
ONE-NAS (8 isl.),2.0,10.969335928606451,35.84087440713596,1249,,,,,,25.994918868231288,set1,51,0.38071549028277835,,,,,,0.12184859827187317
ONE-NAS (8 isl.),3.0,16.454003892909675,36.39647124906122,1249,,,,,,20.510250903928075,set1,51,0.3004088578073419,,,,,,0.12184859827187317
ONE-NAS (8 isl.),5.0,27.42333982151613,37.50766493291175,1249,,,,,,9.540914975321616,set1,51,0.1397606023094265,,,,,,0.12184859827187317
ONE-NAS (8 isl.),1.0,6.971698763945977,24.42155036994979,1251,15.373662119934453,15.116788084450153,2.9192426040205324,17.14405060602765,11.424613558538804,61.97835697297158,set2,42,0.7840841740212972,0.5257679393834066,1.2045053684207165,0.2985580453698315,1.662128780567598,1.642535547626996,0.13597134601865857
ONE-NAS (8 isl.),1.5,10.457548145918969,24.55739688155887,1251,,,,,,58.492507590998585,set2,42,0.7400041016028001,,,,,,0.13597134601865857
ONE-NAS (8 isl.),2.0,13.943397527891953,24.69324339316794,1251,,,,,,55.006658209025616,set2,42,0.6959208859739117,,,,,,0.13597134601865857
ONE-NAS (8 isl.),3.0,20.915096291837937,24.964936416386088,1251,,,,,,48.034959445079636,set2,42,0.6077456760736314,,,,,,0.13597134601865857
ONE-NAS (8 isl.),5.0,34.85849381972989,25.50832246282239,1251,,,,,,34.091561917187676,set2,42,0.4313647016244511,,,,,,0.13597134601865857
ONE-NAS (8 isl.),1.0,6.806623956723771,17.660519107210487,1251,8.088497755052938,1.2901428713581644,2.4657942757115747,10.960269342961244,17.39056874647063,40.195272991554546,set2,43,0.6889347227862431,0.4654194559650082,0.14037825669286969,0.22164354210326695,1.010864480924866,2.293840444731767,0.1353567680713016
ONE-NAS (8 isl.),1.5,10.209935935085655,18.28455963270232,1251,,,,,,36.791961013192655,set2,43,0.6306333406851228,,,,,,0.1353567680713016
ONE-NAS (8 isl.),2.0,13.613247913447543,18.90860015819416,1251,,,,,,33.38864903483076,set2,43,0.5723249786759614,,,,,,0.1353567680713016
ONE-NAS (8 isl.),3.0,20.41987187017131,20.20069540893583,1251,,,,,,26.582025078107,set2,43,0.4556889834338058,,,,,,0.1353567680713016
ONE-NAS (8 isl.),5.0,34.03311978361885,23.009606251281983,1251,,,,,,12.968777164659468,set2,43,0.22235160087724617,,,,,,0.1353567680713016
ONE-NAS (8 isl.),1.0,6.690114531746097,25.855049823013943,1251,12.292599436477223,15.317033807835854,7.771385595791844,10.14671252408195,18.476735857687366,64.00446722187424,set2,44,0.9428459057027734,0.5457171709130396,1.4192217984943998,0.628323130401834,1.0517787188572592,2.3862402303623784,0.1348840285834159
ONE-NAS (8 isl.),1.5,10.035171797619146,25.987555836629873,1251,,,,,,60.659409956001184,set2,44,0.8935822076490635,,,,,,0.1348840285834159
ONE-NAS (8 isl.),2.0,13.380229063492195,26.1200618502458,1251,,,,,,57.314352690128146,set2,44,0.8443160458451847,,,,,,0.1348840285834159
ONE-NAS (8 isl.),3.0,20.070343595238292,26.385073877477655,1251,,,,,,50.62423815838204,set2,44,0.7457771186062577,,,,,,0.1348840285834159
ONE-NAS (8 isl.),5.0,33.450572658730486,26.915097931941368,1251,,,,,,37.244009094889854,set2,44,0.5486783650081765,,,,,,0.1348840285834159
ONE-NAS (8 isl.),1.0,7.33573865656235,15.924093757626451,1251,11.650351674273004,12.422063301158774,6.798184585458713,9.219851430459164,15.655609631635404,55.74606062298506,set2,45,1.0281736658613139,0.6935842911073292,1.178080594578522,0.6313337749084095,1.326270765104082,2.6275462646681396,0.1451478799114982
ONE-NAS (8 isl.),1.5,11.003607984843526,16.06874753662552,1251,,,,,,52.07819129470388,set2,45,0.9606051208797388,,,,,,0.1451478799114982
ONE-NAS (8 isl.),2.0,14.6714773131247,16.21340131562458,1251,,,,,,48.41032196642271,set2,45,0.8930227884090084,,,,,,0.1451478799114982
ONE-NAS (8 isl.),3.0,22.007215969687053,16.50270887362271,1251,,,,,,41.07458330986036,set2,45,0.7578188917395556,,,,,,0.1451478799114982
ONE-NAS (8 isl.),5.0,36.67869328281175,17.081323989618973,1251,,,,,,26.403105996735665,set2,45,0.48726911762549246,,,,,,0.1451478799114982
ONE-NAS (8 isl.),1.0,5.795024389654644,22.804617681446253,1251,6.816834871689863,20.18814623453525,0.22344667472818797,-1.5053134798024337,31.72537254918223,57.44848685033309,set2,46,0.8679523305129181,0.35657649107334916,1.7428179379451072,0.017519671858729914,-0.13212512644081312,3.398278213317529,0.11490158149079205
ONE-NAS (8 isl.),1.5,8.692536584481967,22.94172628957335,1251,,,,,,54.55097465550577,set2,46,0.824223372475504,,,,,,0.11490158149079205
ONE-NAS (8 isl.),2.0,11.590048779309289,23.078834897700446,1251,,,,,,51.65346246067845,set2,46,0.7804881427087147,,,,,,0.11490158149079205
ONE-NAS (8 isl.),3.0,17.385073168963935,23.353052113954647,1251,,,,,,45.8584380710238,set2,46,0.6929996769970996,,,,,,0.11490158149079205
ONE-NAS (8 isl.),5.0,28.975121948273223,23.901486546463037,1251,,,,,,34.26838929171452,set2,46,0.5179563921968725,,,,,,0.11490158149079205
ONE-NAS (8 isl.),1.0,7.469239944440243,22.976487099569713,1251,11.802354282510343,5.140349757943719,2.339259694581877,-4.283135584607307,16.151256433619356,31.150084584047978,set2,47,0.5798768584171522,0.6635761299648952,0.5993478227178237,0.25771045134320864,-0.5337778399103427,2.419823803113779,0.14883416081555598
ONE-NAS (8 isl.),1.5,11.203859916660363,23.769794713514898,1251,,,,,,27.415464611827872,set2,47,0.5103580714820316,,,,,,0.14883416081555598
ONE-NAS (8 isl.),2.0,14.938479888880487,24.56310232746011,1251,,,,,,23.680844639607745,set2,47,0.4408371342322173,,,,,,0.14883416081555598
ONE-NAS (8 isl.),3.0,22.407719833320726,26.149717555350538,1251,,,,,,16.21160469516749,set2,47,0.3017911632626496,,,,,,0.14883416081555598
ONE-NAS (8 isl.),5.0,37.34619972220121,29.34296839800704,1251,,,,,,1.2731248062870126,set2,47,0.023699318040260625,,,,,,0.14883416081555598
ONE-NAS (8 isl.),1.0,6.419434189356529,16.86514144669634,1251,22.329920362130128,11.539557424817813,14.531950712159658,11.70012827176209,18.484457962497025,78.58601473336671,set2,48,1.2113108332196345,1.151620812107986,0.9291961591910485,1.153902007984633,1.2161491230826056,2.257340434926789,0.12805828594755955
ONE-NAS (8 isl.),1.5,9.629151284034796,17.507066313329663,1251,,,,,,75.37629763868846,set2,48,1.1619131690599946,,,,,,0.12805828594755955
ONE-NAS (8 isl.),2.0,12.838868378713059,18.148991179963055,1251,,,,,,72.16658054401019,set2,48,1.1125072254064985,,,,,,0.12805828594755955
ONE-NAS (8 isl.),3.0,19.258302568069592,19.43284091322979,1251,,,,,,65.74714635465365,set2,48,1.0136714446772945,,,,,,0.12805828594755955
ONE-NAS (8 isl.),5.0,32.097170946782654,22.000540379763265,1251,,,,,,52.9082779759406,set2,48,0.8159109361803404,,,,,,0.12805828594755955
ONE-NAS (8 isl.),1.0,7.583633600241652,19.84404093495159,1251,11.628440861067618,11.05350919149863,9.078536152608214,8.966935418157618,3.8925701527981262,44.6199917761302,set2,49,0.7519813869349063,0.582448460365769,1.1635466929095337,0.8080815991150707,1.1473063402571142,0.6598663867968375,0.14712291464609237
ONE-NAS (8 isl.),1.5,11.375450400362478,19.990273833751818,1251,,,,,,40.828174976009386,set2,49,0.6880754669443885,,,,,,0.14712291464609237
ONE-NAS (8 isl.),2.0,15.167267200483304,20.136506732552046,1251,,,,,,37.03635817588855,set2,49,0.6241686367865421,,,,,,0.14712291464609237
ONE-NAS (8 isl.),3.0,22.750900800724956,20.4289725301525,1251,,,,,,29.4527245756469,set2,49,0.49635390636738375,,,,,,0.14712291464609237
ONE-NAS (8 isl.),5.0,37.918168001208265,21.023267234880826,1251,,,,,,14.285457375163585,set2,49,0.24073178675593415,,,,,,0.14712291464609237
ONE-NAS (8 isl.),1.0,7.014974412200239,14.286500193075655,1251,10.66285170323293,11.025789927193182,12.005979475272333,11.632493634501957,19.43722465077278,64.76433939097319,set2,50,1.1629971884076415,0.606421730292388,1.1177783162045885,1.0857855897812283,1.489240889953908,3.243727591611524,0.1410678987857202
ONE-NAS (8 isl.),1.5,10.52246161830036,14.382594199535257,1251,,,,,,61.256852184873054,set2,50,1.1000116059603677,,,,,,0.1410678987857202
ONE-NAS (8 isl.),2.0,14.029948824400478,14.478688205994866,1251,,,,,,57.74936497877293,set2,50,1.0370238417110351,,,,,,0.1410678987857202
ONE-NAS (8 isl.),3.0,21.04492323660072,14.670876218914074,1251,,,,,,50.734390566572685,set2,50,0.9110433863894779,,,,,,0.1410678987857202
ONE-NAS (8 isl.),5.0,35.074872061001194,16.062562321887814,1251,,,,,,36.704441742172214,set2,50,0.6590740992493079,,,,,,0.1410678987857202
ONE-NAS (8 isl.),1.0,7.758957977948236,22.05216664784589,1251,14.593837231687434,7.680213445370096,5.507191097625697,4.747758956994116,6.106235612630377,38.635236344307714,set2,51,0.7259390502745834,0.8307597622631804,1.0220080548560917,0.6120788530945269,0.5177096943479482,0.9528124774419285,0.14830826642582992
ONE-NAS (8 isl.),1.5,11.638436966922352,22.199500811907157,1251,,,,,,34.755757355333614,set2,51,0.6531286125195722,,,,,,0.14830826642582992
ONE-NAS (8 isl.),2.0,15.517915955896472,22.346834975968427,1251,,,,,,30.876278366359482,set2,51,0.5802974764769661,,,,,,0.14830826642582992
ONE-NAS (8 isl.),3.0,23.276873933844705,22.641503304090964,1251,,,,,,23.117320388411258,set2,51,0.4345762850920757,,,,,,0.14830826642582992
ONE-NAS (8 isl.),5.0,38.794789889741175,23.230839960336034,1251,,,,,,7.599404432514775,set2,51,0.14292052114856604,,,,,,0.14830826642582992
ONE-NAS (8 isl.),1.0,5.126076962040571,27.441107261489268,1250,25.68329842858981,8.74062041537114,-0.10820390517069511,17.875094528655772,-2.0190878745166314,50.17172159292939,set3,42,0.7259582340656651,1.3637016265435693,0.7030102202095936,-0.008366125531873029,1.5933235782531483,-0.16166344138008085,0.10955191764730167
ONE-NAS (8 isl.),1.5,7.6891154430608575,27.811413048887346,1250,,,,,,47.6086831119091,set3,42,0.688924048020315,,,,,,0.10955191764730167
ONE-NAS (8 isl.),2.0,10.252153924081142,28.181718836285462,1250,,,,,,45.045644630888816,set3,42,0.6518834179631959,,,,,,0.10955191764730167
ONE-NAS (8 isl.),3.0,15.378230886121715,28.922330411081674,1250,,,,,,39.91956766884825,set3,42,0.5777834284763268,,,,,,0.10955191764730167
ONE-NAS (8 isl.),5.0,25.630384810202855,30.403553560674002,1250,,,,,,29.667413744767096,set3,42,0.4295127585279939,,,,,,0.10955191764730167
ONE-NAS (8 isl.),1.0,6.427128680186479,18.782648178341333,1250,15.081543444866982,-0.08640297303671995,15.02547460763783,3.7671143589050895,-5.519282728256001,28.26844671011718,set3,43,0.4137120824172941,0.7573764607174277,-0.0062110462335497945,1.31841349077369,0.37633945773069216,-0.5057053166812265,0.14156776635765056
ONE-NAS (8 isl.),1.5,9.640693020279718,19.065218094242077,1250,,,,,,25.054882370023947,set3,43,0.3667170462278224,,,,,,0.14156776635765056
ONE-NAS (8 isl.),2.0,12.854257360372959,19.347788010142825,1250,,,,,,21.841318029930708,set3,43,0.3197123957104607,,,,,,0.14156776635765056
ONE-NAS (8 isl.),3.0,19.281386040559436,19.923107011373347,1250,,,,,,15.414189349744223,set3,43,0.22567498397887426,,,,,,0.14156776635765056
ONE-NAS (8 isl.),5.0,32.135643400932395,21.10972165276795,1250,,,,,,2.559931989371271,set3,43,0.03749285573328316,,,,,,0.14156776635765056
ONE-NAS (8 isl.),1.0,5.843291332981483,27.69587135787904,1250,-1.0915971992005002,7.109300417893152,1.7257516115490104,20.000390769996503,-3.921082654436652,23.822762945801507,set3,44,0.3138444671972703,-0.056330649833820925,0.4786324379519307,0.10105514974137346,1.8657097103327662,-0.3144767008587456,0.12872890692468436
ONE-NAS (8 isl.),1.5,8.764936999472225,27.967790746621407,1250,,,,,,20.901117279310768,set3,44,0.27536352811702997,,,,,,0.12872890692468436
ONE-NAS (8 isl.),2.0,11.686582665962966,28.23971013536381,1250,,,,,,17.979471612820024,set3,44,0.23687974757045133,,,,,,0.12872890692468436
ONE-NAS (8 isl.),3.0,17.52987399894445,28.783548912848616,1250,,,,,,12.136180279838547,set3,44,0.1599041674006433,,,,,,0.12872890692468436
ONE-NAS (8 isl.),5.0,29.21645666490742,29.87122646781819,1250,,,,,,0.4495976138755825,set3,44,0.005924470751039904,,,,,,0.12872890692468436
ONE-NAS (8 isl.),1.0,5.623041590924023,35.112000452258435,1250,-19.266894855504024,-2.468781137535768,6.064013838715877,15.48615661461496,-3.6667338703087657,-3.85223941001773,set3,45,-0.057447899809739834,-1.0902508090541068,-0.19981282824027935,0.4718024132176194,1.5346780296258353,-0.2820552376087895,0.12269458985868513
ONE-NAS (8 isl.),1.5,8.434562386386036,36.676819365079965,1250,,,,,,-6.663760205479741,set3,45,-0.09937351857894527,,,,,,0.12269458985868513
ONE-NAS (8 isl.),2.0,11.246083181848046,38.24163827790155,1250,,,,,,-9.475281000941754,set3,45,-0.1412971029183723,,,,,,0.12269458985868513
ONE-NAS (8 isl.),3.0,16.86912477277207,41.37127610354473,1250,,,,,,-15.098322591865765,set3,45,-0.22513751062650605,,,,,,0.12269458985868513
ONE-NAS (8 isl.),5.0,28.115207954620118,47.630551754831046,1250,,,,,,-26.344405773713824,set3,45,-0.39278668134778105,,,,,,0.12269458985868513
ONE-NAS (8 isl.),1.0,6.511139623009097,38.07706032081598,1250,16.865107413543694,-6.511677414220865,-22.611163467249128,-2.94922167666191,1.9038091774895467,-13.303145967098667,set3,46,-0.20595253012108106,0.8637502675401711,-0.5219353642787454,-1.8203143509969302,-0.3382106424066856,0.22548888304063916,0.1448156391244787
ONE-NAS (8 isl.),1.5,9.766709434513645,40.154155108962286,1250,,,,,,-16.55871577860321,set3,46,-0.2563718223149239,,,,,,0.1448156391244787
ONE-NAS (8 isl.),2.0,13.022279246018194,42.23124989710859,1250,,,,,,-19.814285590107765,set3,46,-0.3067978643397996,,,,,,0.1448156391244787
ONE-NAS (8 isl.),3.0,19.53341886902729,46.385439473401185,1250,,,,,,-26.325425213116873,set3,46,-0.40766938028155086,,,,,,0.1448156391244787
ONE-NAS (8 isl.),5.0,32.55569811504548,54.69381862598644,1250,,,,,,-39.347704459135066,set3,46,-0.6094844075157564,,,,,,0.1448156391244787
ONE-NAS (8 isl.),1.0,6.020444570045555,23.310850402556383,1250,12.453815695302035,7.255544259010746,-11.66757997895988,15.173762546480681,0.5599294632012773,23.77547198503486,set3,47,0.39798719223817003,0.7938448099915889,0.6997332679551715,-0.9075432298758255,1.5287346300963887,0.05633623056088863,0.13153921272596197
ONE-NAS (8 isl.),1.5,9.030666855068334,23.809217931817976,1250,,,,,,20.765249700012085,set3,47,0.34761252064161596,,,,,,0.13153921272596197
ONE-NAS (8 isl.),2.0,12.04088914009111,24.3075854610796,1250,,,,,,17.755027414989303,set3,47,0.29723311715192363,,,,,,0.13153921272596197
ONE-NAS (8 isl.),3.0,18.06133371013667,25.3043205196028,1250,,,,,,11.734582844943754,set3,47,0.1964610993370608,,,,,,0.13153921272596197
ONE-NAS (8 isl.),5.0,30.102222850227776,27.29779063664923,1250,,,,,,-0.3063062951473558,set3,47,-0.0051288790842315265,,,,,,0.13153921272596197
ONE-NAS (8 isl.),1.0,5.332163136576655,21.95865826913919,1250,20.499766077286075,7.786508537419357,-7.3745707012235835,11.859454289751724,-6.5932629411537995,26.177895262079776,set3,48,0.36450724478432817,0.9162275195383349,0.6734583574701922,-0.48917492957948,1.2917730599431543,-0.6861749682426523,0.11481879985121032
ONE-NAS (8 isl.),1.5,7.998244704864983,22.380824091791453,1250,,,,,,23.511813693791446,set3,48,0.327390651616416,,,,,,0.11481879985121032
ONE-NAS (8 isl.),2.0,10.66432627315331,22.802989914443742,1250,,,,,,20.84573212550312,set3,48,0.290272213604093,,,,,,0.11481879985121032
ONE-NAS (8 isl.),3.0,15.996489409729966,23.647321559748285,1250,,,,,,15.513568988926457,set3,48,0.21603035054862268,,,,,,0.11481879985121032
ONE-NAS (8 isl.),5.0,26.660815682883275,25.335984850357356,1250,,,,,,4.849242715773159,set3,48,0.06753051058604641,,,,,,0.11481879985121032
ONE-NAS (8 isl.),1.0,6.390901146531278,30.42374033384251,1250,8.60032939578171,10.591728103167823,9.095722581465852,6.589716833958365,-3.7338126016305373,31.143684312743204,set3,49,0.4329265445194354,0.37859889341032577,0.7735510196226797,0.7296459131147184,0.7061267726370075,-0.3779149411349206,0.14067623999855994
ONE-NAS (8 isl.),1.5,9.586351719796916,30.48478592860378,1250,,,,,,27.94823373947758,set3,49,0.3885619241630616,,,,,,0.14067623999855994
ONE-NAS (8 isl.),2.0,12.781802293062556,30.545831523365045,1250,,,,,,24.752783166211927,set3,49,0.3441842970159513,,,,,,0.14067623999855994
ONE-NAS (8 isl.),3.0,19.172703439593832,30.667922712887574,1250,,,,,,18.361882019680653,set3,49,0.255390633005176,,,,,,0.14067623999855994
ONE-NAS (8 isl.),5.0,31.954505732656386,30.912105091932634,1250,,,,,,5.580079726618087,set3,49,0.07765395554892816,,,,,,0.14067623999855994
ONE-NAS (8 isl.),1.0,5.772603821654263,31.311427237368072,1250,1.267006462707409,8.311500762315372,-21.361521914240058,17.95929360433376,-2.8933241937069147,3.2829547214095727,set3,50,0.05175239320479551,0.0731120046641563,0.662450088761004,-1.6162827110762905,1.7738278849991442,-0.33912504899292645,0.12686077506079016
ONE-NAS (8 isl.),1.5,8.658905732481394,31.757381777740186,1250,,,,,,0.3966528105824374,set3,50,0.006253143633165119,,,,,,0.12686077506079016
ONE-NAS (8 isl.),2.0,11.545207643308526,32.20333631811231,1250,,,,,,-2.489649100244695,set3,50,-0.039250732284052695,,,,,,0.12686077506079016
ONE-NAS (8 isl.),3.0,17.317811464962787,33.09524539885656,1250,,,,,,-8.26225292189896,set3,50,-0.1302716489051478,,,,,,0.12686077506079016
ONE-NAS (8 isl.),5.0,28.863019108271313,35.17377626570713,1250,,,,,,-19.807460565207474,set3,50,-0.31236113582491265,,,,,,0.12686077506079016
ONE-NAS (8 isl.),1.0,5.909683528434726,25.127766351181215,1250,1.3459904600021944,3.0739213333267053,-3.7952179936501658,6.888430942397434,-10.700254584171317,-3.1871298420951573,set3,51,-0.03855320370275943,0.056216632520235184,0.1977161322935722,-0.22378956080796694,0.6199522746779577,-0.8720788260761949,0.1287619861750189
ONE-NAS (8 isl.),1.5,8.86452529265209,25.177483024621335,1250,,,,,,-6.141971606312511,set3,51,-0.07429890001989298,,,,,,0.1287619861750189
ONE-NAS (8 isl.),2.0,11.819367056869453,25.227199698061458,1250,,,,,,-9.096813370529873,set3,51,-0.11004677355018211,,,,,,0.1287619861750189
ONE-NAS (8 isl.),3.0,17.72905058530418,25.326633044941705,1250,,,,,,-15.006496898964599,set3,51,-0.18154864348837865,,,,,,0.1287619861750189
ONE-NAS (8 isl.),5.0,29.548417642173632,29.55636403346775,1250,,,,,,-26.825863955834045,set3,51,-0.32457401157777865,,,,,,0.1287619861750189
ONE-NAS (8 isl.),1.0,5.47237920766185,11.306664920176354,1251,7.89967433600256,17.404908923769987,9.995929420004062,25.4235857151066,13.677202978647642,74.40130137353086,set4,42,1.334083514115532,0.5101511681883129,1.6509336705109403,0.9228777314145342,2.8705574727786987,1.5478982359158002,0.11981483217120294
ONE-NAS (8 isl.),1.5,8.208568811492775,11.390168901857193,1251,,,,,,71.66511176969992,set4,42,1.2851154783834282,,,,,,0.11981483217120294
ONE-NAS (8 isl.),2.0,10.9447584153237,11.473672883538029,1251,,,,,,68.92892216586901,set4,42,1.2361375803767716,,,,,,0.11981483217120294
ONE-NAS (8 isl.),3.0,16.41713762298555,11.640680846899706,1251,,,,,,63.45654295820715,set4,42,1.138153457220862,,,,,,0.11981483217120294
ONE-NAS (8 isl.),5.0,27.36189603830924,11.974696773623055,1251,,,,,,52.51178454288347,set4,42,0.9420807373819818,,,,,,0.11981483217120294
ONE-NAS (8 isl.),1.0,6.341705071999366,18.72492793872557,1251,3.2099545566357675,11.632936283971826,5.640574999910809,7.223123368244455,-0.3349001557825105,27.37168905298034,set4,43,0.4885502908393399,0.17496259386513333,1.0624384704243917,0.6000730113999686,1.094545572802888,-0.05057314898103581,0.13978364068538884
ONE-NAS (8 isl.),1.5,9.51255760799905,18.817316387510193,1251,,,,,,24.20083651698066,set4,43,0.4320064627093519,,,,,,0.13978364068538884
ONE-NAS (8 isl.),2.0,12.683410143998731,18.909704836294804,1251,,,,,,21.029983980980973,set4,43,0.37544834677338257,,,,,,0.13978364068538884
ONE-NAS (8 isl.),3.0,19.0251152159981,19.09448173386404,1251,,,,,,14.688278908981612,set4,43,0.2622904892228761,,,,,,0.13978364068538884
ONE-NAS (8 isl.),5.0,31.708525359996823,19.46403552900251,1251,,,,,,2.0048687649828825,set4,43,0.03581696046039703,,,,,,0.13978364068538884
ONE-NAS (8 isl.),1.0,4.783452737676598,22.607055455103637,1251,-5.03221383341946,20.432379138234825,1.1702753836363913,25.802401428435445,18.690185180447795,61.06302729733499,set4,44,0.9600411867249644,-0.27963767389274763,1.757516919935774,0.08591939937973539,2.686958017163317,2.1634684951029906,0.10469097174104865
ONE-NAS (8 isl.),1.5,7.175179106514895,22.69696358613677,1251,,,,,,58.671300928496706,set4,44,0.9224799638349239,,,,,,0.10469097174104865
ONE-NAS (8 isl.),2.0,9.566905475353195,22.78687171716991,1251,,,,,,56.2795745596584,set4,44,0.8849140167508992,,,,,,0.10469097174104865
ONE-NAS (8 isl.),3.0,14.35035821302979,22.966687979236177,1251,,,,,,51.49612182198181,set4,44,0.809768618401238,,,,,,0.10469097174104865
ONE-NAS (8 isl.),5.0,23.917263688382988,23.326320503368724,1251,,,,,,41.929216346628614,set4,44,0.659428489414422,,,,,,0.10469097174104865
ONE-NAS (8 isl.),1.0,5.236189529392513,17.967490697668044,1251,1.500656036102431,14.472011635468075,2.7496789386263933,19.959401572113073,11.051533571825187,49.733281754135156,set4,45,0.7404794484443339,0.06793434989564079,1.25582330921585,0.23942699947114215,2.1525335143662057,1.3297970161226695,0.11363759964882146
ONE-NAS (8 isl.),1.5,7.85428429408877,18.030763578698792,1251,,,,,,47.1151869894389,set4,45,0.7015182964422414,,,,,,0.11363759964882146
ONE-NAS (8 isl.),2.0,10.472379058785027,18.094036459729537,1251,,,,,,44.497092224742644,set4,45,0.6625538381202266,,,,,,0.11363759964882146
ONE-NAS (8 isl.),3.0,15.70856858817754,18.220582221791034,1251,,,,,,39.26090269535013,set4,45,0.5846157907282957,,,,,,0.11363759964882146
ONE-NAS (8 isl.),5.0,26.180947646962572,18.490731974359132,1251,,,,,,28.7885236365651,set4,45,0.42870869449488574,,,,,,0.11363759964882146
ONE-NAS (8 isl.),1.0,5.631694216755996,16.05156212630436,1251,1.7622767797625782,21.996965411388626,4.062015933628185,17.216864469736848,7.178991272829986,52.21711386734622,set4,46,0.8562301993440404,0.09057722582510713,1.9870424565873406,0.42919837286898416,1.756252131763853,0.9192968029868095,0.1251226311622357
ONE-NAS (8 isl.),1.5,8.447541325133994,16.1165539432952,1251,,,,,,49.40126675896823,set4,46,0.8101013598869276,,,,,,0.1251226311622357
ONE-NAS (8 isl.),2.0,11.263388433511992,16.181545760286042,1251,,,,,,46.58541965059023,set4,46,0.7639662983371484,,,,,,0.1251226311622357
ONE-NAS (8 isl.),3.0,16.895082650267987,16.31152939426773,1251,,,,,,40.95372543383423,set4,46,0.6716783803661868,,,,,,0.1251226311622357
ONE-NAS (8 isl.),5.0,28.15847108377998,16.571496662231098,1251,,,,,,29.69033700032224,set4,46,0.48703747309553463,,,,,,0.1251226311622357
ONE-NAS (8 isl.),1.0,5.556833367336447,19.18586324863874,1251,-10.94312651936347,12.166170524319265,3.3216109496158697,18.9965318525842,11.825694507587375,35.366881314743246,set4,47,0.5545512770366875,-0.4896129058011055,1.2175177410713351,0.3647439830592806,2.15331436208171,1.5622630158081146,0.12197355101488436
ONE-NAS (8 isl.),1.5,8.335250051004671,19.271720295006276,1251,,,,,,32.58846463107503,set4,47,0.5109805934493633,,,,,,0.12197355101488436
ONE-NAS (8 isl.),2.0,11.113666734672893,19.357577341373815,1251,,,,,,29.810047947406797,set4,47,0.46741011484211054,,,,,,0.12197355101488436
ONE-NAS (8 isl.),3.0,16.670500102009342,19.529291434108888,1251,,,,,,24.253214580070363,set4,47,0.38027053939379335,,,,,,0.12197355101488436
ONE-NAS (8 isl.),5.0,27.784166836682235,20.837671115304897,1251,,,,,,13.139547845397463,set4,47,0.20600228201457718,,,,,,0.12197355101488436
ONE-NAS (8 isl.),1.0,5.773570728175066,22.41611943337385,1251,-14.908849031465687,14.990087572613762,12.0985522405445,14.420930216998162,13.554866452390968,40.1555874510817,set4,48,0.7105247783546408,-0.8537071307655395,1.3466970888866565,1.2986960963306906,1.7304142539815313,1.8207637860688135,0.12623848284458475
ONE-NAS (8 isl.),1.5,8.6603560922626,22.701758885794113,1251,,,,,,37.26880208699417,set4,48,0.659487021913389,,,,,,0.12623848284458475
ONE-NAS (8 isl.),2.0,11.547141456350133,22.987398338214373,1251,,,,,,34.38201672290664,set4,48,0.6084413510441248,,,,,,0.12623848284458475
ONE-NAS (8 isl.),3.0,17.3207121845252,23.558677243054884,1251,,,,,,28.608445994731575,set4,48,0.5063277017698107,,,,,,0.12623848284458475
ONE-NAS (8 isl.),5.0,28.867853640875328,24.95603528633159,1251,,,,,,17.061304538381446,set4,48,0.30202123882011234,,,,,,0.12623848284458475
ONE-NAS (8 isl.),1.0,5.812213244179973,24.19596887599811,1251,-11.346094486721459,13.509344268670134,-0.08057406906795736,7.08038831156205,12.519004874188155,21.682068898630913,set4,49,0.3670261438541319,-0.5852835200518892,1.3361481050253308,-0.008769694023223156,0.8324288076814197,1.5384821390369714,0.12674296590588027
ONE-NAS (8 isl.),1.5,8.718319866269958,24.506798444545808,1251,,,,,,18.775962276540927,set4,49,0.31783273233414533,,,,,,0.12674296590588027
ONE-NAS (8 isl.),2.0,11.624426488359946,24.817628013093515,1251,,,,,,15.869855654450937,set4,49,0.2686386545072198,,,,,,0.12674296590588027
ONE-NAS (8 isl.),3.0,17.436639732539916,25.439287150188928,1251,,,,,,10.057642410270978,set4,49,0.1702498960950882,,,,,,0.12674296590588027
ONE-NAS (8 isl.),5.0,29.06106622089986,26.68557260912456,1251,,,,,,-1.5667840780889688,set4,49,-0.026520259318850204,,,,,,0.12674296590588027
ONE-NAS (8 isl.),1.0,4.613072081063689,18.60963448168107,1251,-9.653734621319767,16.893211612805853,-3.7704064296366404,29.25424584675756,19.20454856006028,51.9278649686673,set4,50,0.8025725310178363,-0.4871051967617642,1.5347232481568176,-0.3080016684246349,2.8321015506476463,2.3282365987546703,0.09793236466297987
ONE-NAS (8 isl.),1.5,6.919608121595534,18.960781958187862,1251,,,,,,49.62132892813545,set4,50,0.7668834361244332,,,,,,0.09793236466297987
ONE-NAS (8 isl.),2.0,9.226144162127378,19.311929434694644,1251,,,,,,47.31479288760361,set4,50,0.7311965666225231,,,,,,0.09793236466297987
ONE-NAS (8 isl.),3.0,13.839216243191068,20.014224387708243,1251,,,,,,42.701720806539925,set4,50,0.659830399867228,,,,,,0.09793236466297987
ONE-NAS (8 isl.),5.0,23.065360405318444,21.418814293735426,1251,,,,,,33.47557664441254,set4,50,0.5171346206923424,,,,,,0.09793236466297987
ONE-NAS (8 isl.),1.0,4.946098765343033,14.260274594708653,1251,0.490564768762948,10.308169829638038,-3.285748237412546,21.788593179301614,17.826110658448872,47.127690198738925,set4,51,0.8294780224505635,0.0316244360814502,0.9465885446321195,-0.30353112487989814,2.2792301793239362,1.9989228478704726,0.10774563827411894
ONE-NAS (8 isl.),1.5,7.41914814801455,14.516245306357211,1251,,,,,,44.65464081606742,set4,51,0.7859970964771043,,,,,,0.10774563827411894
ONE-NAS (8 isl.),2.0,9.892197530686065,14.772216018005777,1251,,,,,,42.181591433395894,set4,51,0.7425095151467731,,,,,,0.10774563827411894
ONE-NAS (8 isl.),3.0,14.8382962960291,15.284157441302899,1251,,,,,,37.23549266805286,set4,51,0.6555154538839415,,,,,,0.10774563827411894
ONE-NAS (8 isl.),5.0,24.730493826715165,16.612837997411216,1251,,,,,,27.343295137366802,set4,51,0.4814592204099878,,,,,,0.10774563827411894
Online AR,1.0,5.242778628157856,56.62130227079834,1249,5.275935408023938,-3.5212078140254413,-29.099448539058688,-1.099338431982278,3.4896992929600605,-24.954360084082406,set1,42,-0.3633982167888317,0.25268707189910566,-0.246245226229905,-2.486150071452919,-0.1251821632741389,0.36016547063713555,0.11524605002799636
Online AR,1.5,7.864167942236785,58.5011760920395,1249,,,,,,-27.57574939816135,set1,42,-0.40157900485564235,,,,,,0.11524605002799636
Online AR,2.0,10.485557256315712,60.38104991328079,1249,,,,,,-30.197138712240257,set1,42,-0.43976064702484746,,,,,,0.11524605002799636
Online AR,3.0,15.72833588447357,64.14079755576326,1249,,,,,,-35.43991734039813,set1,42,-0.5161260423695313,,,,,,0.11524605002799636
Online AR,5.0,26.21389314078928,72.58696162261091,1249,,,,,,-45.92547459671385,set1,42,-0.6688621171196857,,,,,,0.11524605002799636
Online AR,1.0,5.845649124729221,44.294495662427494,1251,-3.0778254861668906,-4.037915587961893,-22.775362472107645,6.532868691319845,-7.3182371161214395,-30.676471971038033,set2,42,-0.3998570451933146,-0.11960830894609062,-0.27060313649647055,-2.0589431471800665,0.6628144283409508,-0.806935508022435,0.11507355470390722
Online AR,1.5,8.768473687093831,45.73405900107959,1251,,,,,,-33.59929653340264,set2,42,-0.4379751601401069,,,,,,0.11507355470390722
Online AR,2.0,11.691298249458441,47.173622339731764,1251,,,,,,-36.522121095767254,set2,42,-0.4760962858155148,,,,,,0.11507355470390722
Online AR,3.0,17.536947374187662,50.470183871788976,1251,,,,,,-42.36777022049648,set2,42,-0.5523470976402535,,,,,,0.11507355470390722
Online AR,5.0,29.2282456236461,60.90968779579576,1251,,,,,,-54.059068469954916,set2,42,-0.7048796580341737,,,,,,0.11507355470390722
Online AR,1.0,4.279104915972812,52.83785099715561,1250,13.390437855809697,-15.1153423101873,-7.852464813114267,3.4510034800930387,27.778787027863338,21.65242124046452,set3,42,0.21511962119970984,0.3925584972891598,-0.8398419520631331,-0.6155770703763438,0.30743557401403593,1.714963786756266,0.09836983093857082
Online AR,1.5,6.418657373959217,53.62818362300945,1250,,,,,,19.512868782478098,set3,42,0.19386352786929642,,,,,,0.09836983093857082
Online AR,2.0,8.558209831945623,54.41851624886327,1250,,,,,,17.373316324491697,set3,42,0.1726072474097072,,,,,,0.09836983093857082
Online AR,3.0,12.837314747918434,55.999181500570906,1250,,,,,,13.094211408518905,set3,42,0.1300941946792531,,,,,,0.09836983093857082
Online AR,5.0,21.39552457986406,59.1605120039862,1250,,,,,,4.536001576573268,set3,42,0.045066609043220046,,,,,,0.09836983093857082
Online AR,1.0,5.085527815645179,54.22650211765717,1251,2.0403121956690127,-11.815050334440327,-18.80106689823521,6.881632150294383,11.733859266804382,-9.96031361990776,set4,42,-0.15414171315200983,0.1018583136857104,-0.9430709647126334,-1.5724523621084394,0.7849235194215176,1.509139690563165,0.10515473566599903
Online AR,1.5,7.628291723467769,55.60411280843084,1251,,,,,,-12.50307752773035,set4,42,-0.19350809129004365,,,,,,0.10515473566599903
Online AR,2.0,10.171055631290358,56.98172349920456,1251,,,,,,-15.045841435552934,set4,42,-0.23288010953911248,,,,,,0.10515473566599903
Online AR,3.0,15.256583446935538,59.7369448807519,1251,,,,,,-20.131369251198123,set4,42,-0.3116396250296058,,,,,,0.10515473566599903
Online AR,5.0,25.427639078225894,65.24738764384664,1251,,,,,,-30.30242488248847,set4,42,-0.46921046614406137,,,,,,0.10515473566599903
Online GRU,1.0,5.943524539496653,41.18490857502741,1249,-17.54113923559075,9.51065028958913,8.391733110042082,1.3822862410214714,2.623971604133414,4.367502009195349,set1,42,0.055097410188884706,-0.6744290429791336,0.7753891530826801,0.5735471198222445,0.10951536611574651,0.3189612639431754,0.12782099528342575
Online GRU,1.5,8.915286809244979,41.27312172139012,1249,,,,,,1.3957397394470217,set1,42,0.01760907608346497,,,,,,0.12782099528342575
Online GRU,2.0,11.887049078993305,41.361334867752845,1249,,,,,,-1.5760225303013076,set1,42,-0.01988511542862341,,,,,,0.12782099528342575
Online GRU,3.0,17.830573618489957,41.53776116047829,1249,,,,,,-7.519547069797963,set1,42,-0.09489057039594218,,,,,,0.12782099528342575
Online GRU,5.0,29.71762269748326,41.89061374592918,1249,,,,,,-19.406596148791266,set1,42,-0.24496625979626685,,,,,,0.12782099528342575
Online GRU,1.0,5.898515501966981,25.47226677206897,1249,0.305165024472194,21.531541064979177,7.205861183831576,9.59884300622953,2.9926931986482455,41.634103478160725,set1,43,0.6104334705161728,0.015182060550832821,1.6858213930499741,0.5498733189768406,1.030631667550002,0.2840902842098703,0.12874084672498584
Online GRU,1.5,8.847773252950473,25.545774551667616,1249,,,,,,38.68484572717723,set1,43,0.567223438204725,,,,,,0.12874084672498584
Online GRU,2.0,11.797031003933961,25.61928233126626,1249,,,,,,35.73558797619375,set1,43,0.5240078906821822,,,,,,0.12874084672498584
Online GRU,3.0,17.695546505900946,25.76629789046356,1249,,,,,,29.837072474226762,set1,43,0.43756094255493083,,,,,,0.12874084672498584
Online GRU,5.0,29.492577509834913,26.06032900885814,1249,,,,,,18.0400414702928,set1,43,0.26460848837964357,,,,,,0.12874084672498584
Online GRU,1.0,5.941794937394799,41.0382312792385,1249,11.14087229577982,4.237387817396468,-2.5064140311708156,25.592335692599065,10.99796096560485,49.462142740209394,set1,44,0.6133833099067408,0.39510614151310486,0.4181477927446015,-0.16128581990887142,2.976849620761809,1.10464261438054,0.12964563158493322
Online GRU,1.5,8.912692406092198,41.13345821688933,1249,,,,,,46.49124527151199,set1,44,0.5765617678480308,,,,,,0.12964563158493322
Online GRU,2.0,11.883589874789598,41.228685154540166,1249,,,,,,43.520347802814584,set1,44,0.5397370866235631,,,,,,0.12964563158493322
Online GRU,3.0,17.825384812184396,41.419139029841844,1249,,,,,,37.57855286541979,set1,44,0.46607870481429453,,,,,,0.12964563158493322
Online GRU,5.0,29.708974686974,41.800046780445165,1249,,,,,,25.694962990630195,set1,44,0.3187286531831793,,,,,,0.12964563158493322
Online GRU,1.0,5.725708114796347,47.243208274210176,1249,4.929517591338303,10.218425740481834,0.27136267876131315,-8.22294848909132,9.788068425954469,16.9844259474446,set1,45,0.19966449548099766,0.16308016924724403,0.9422009923620677,0.020963680702275354,-0.650436190609667,0.9653709488059722,0.11982251031926358
Online GRU,1.5,8.588562172194518,47.3205539694565,1249,,,,,,14.12157189004642,set1,45,0.16602364090790794,,,,,,0.11982251031926358
Online GRU,2.0,11.451416229592693,47.397899664702805,1249,,,,,,11.25871783264825,set1,45,0.13237695496494795,,,,,,0.11982251031926358
Online GRU,3.0,17.177124344389036,47.55259105519542,1249,,,,,,5.5330097178519075,set1,45,0.06506642134799094,,,,,,0.11982251031926358
Online GRU,5.0,28.62854057398173,47.861973836180674,1249,,,,,,-5.918406511740787,set1,45,-0.06962096143545222,,,,,,0.11982251031926358
Online GRU,1.0,5.868229632435597,32.824612430510555,1249,-14.53134199173749,8.491445703979503,9.467565073408279,-5.1274240880310815,1.7202126940093128,0.020457391628521393,set1,46,0.0002932483065406016,-0.7137024461583613,0.8203839473938878,0.657166865053858,-0.532045491747998,0.13788709706217564,0.12645186237935052
Online GRU,1.5,8.802344448653395,32.926287139360575,1249,,,,,,-2.913657424589279,set1,46,-0.04176560376379331,,,,,,0.12645186237935052
Online GRU,2.0,11.736459264871193,33.02796184821061,1249,,,,,,-5.847772240807077,set1,46,-0.08382338452417293,,,,,,0.12645186237935052
Online GRU,3.0,17.60468889730679,33.231311265910655,1249,,,,,,-11.716001873242678,set1,46,-0.1679350867497698,,,,,,0.12645186237935052
Online GRU,5.0,29.34114816217798,33.63801010131075,1249,,,,,,-23.45246113811387,set1,46,-0.33613853815636147,,,,,,0.12645186237935052
Online GRU,1.0,5.716709932863737,42.667010195348865,1249,-16.70775020434365,4.579539134051152,-0.26205443648042726,0.5595647277224516,9.699344587560333,-2.1313561914901413,set1,47,-0.02639026639960627,-0.6205964863830393,0.3344057877837574,-0.017103055954579883,0.05606902779208997,1.1555613241058202,0.12391773809452689
Online GRU,1.5,8.575064899295604,42.73797355787288,1249,,,,,,-4.989711157922011,set1,47,-0.06178526193279308,,,,,,0.12391773809452689
Online GRU,2.0,11.433419865727474,42.80893692039688,1249,,,,,,-7.84806612435387,set1,47,-0.0971837034090082,,,,,,0.12391773809452689
Online GRU,3.0,17.15012979859121,42.9508636454449,1249,,,,,,-13.564776057217609,set1,47,-0.16799049318943296,,,,,,0.12391773809452689
Online GRU,5.0,28.58354966431868,43.23471709554093,1249,,,,,,-24.99819592294508,set1,47,-0.3096406796703906,,,,,,0.12391773809452689
Online GRU,1.0,5.6397558401443,30.47202487835857,1249,13.256744498322263,4.045312471614415,-6.467078931924897,11.30344407096738,-0.10423256202941877,22.034189546949744,set1,48,0.2964797037864985,0.5496320200330305,0.3801035796905345,-0.4162011924020504,1.406492984018011,-0.009825967303684098,0.12366018472692866
Online GRU,1.5,8.459633760216452,30.567679177053563,1249,,,,,,19.2143116268776,set1,48,0.2585568577333957,,,,,,0.12366018472692866
Online GRU,2.0,11.2795116802886,30.663333475748562,1249,,,,,,16.39443370680544,set1,48,0.22062798610865683,,,,,,0.12366018472692866
Online GRU,3.0,16.919267520432903,30.854642073138557,1249,,,,,,10.754677866661133,set1,48,0.14475257662365257,,,,,,0.12366018472692866
Online GRU,5.0,28.1987792007215,31.256465493932772,1249,,,,,,-0.5248338136274566,set1,48,-0.007066028667895211,,,,,,0.12366018472692866
Online GRU,1.0,5.634796483062993,37.17755140188002,1249,-30.10056984376043,12.577811354392091,18.210405653304278,4.596500652815458,1.0313818632508978,6.315529680002291,set1,49,0.08369761507463098,-1.3253866628523148,1.0149260065876082,1.130381092650437,0.4348787841794559,0.10185837744890076,0.1224466728676303
Online GRU,1.5,8.45219472459449,38.01270436748945,1249,,,,,,3.4981314384708027,set1,49,0.04636133421288579,,,,,,0.1224466728676303
Online GRU,2.0,11.269592966125986,38.847857333098915,1249,,,,,,0.6807331969393121,set1,49,0.009022204598755714,,,,,,0.1224466728676303
Online GRU,3.0,16.90438944918898,40.541924167824455,1249,,,,,,-4.954063286123686,set1,49,-0.06566402315314136,,,,,,0.1224466728676303
Online GRU,5.0,28.173982415314963,43.94093344769197,1249,,,,,,-16.223656252249672,set1,49,-0.21506430526060888,,,,,,0.1224466728676303
Online GRU,1.0,5.722598375709025,37.46182669603274,1249,-15.571120884270998,15.016919933014647,3.3715378121096333,11.557997302761242,-1.541602560405363,12.83373160320917,set1,50,0.18952226399094815,-0.7256883974053672,1.4342780871528344,0.24377940699655015,1.3243219910998982,-0.1666094804470458,0.12246370023397933
Online GRU,1.5,8.58389756356354,37.761367233709194,1249,,,,,,9.972432415354659,set1,50,0.1472700061718335,,,,,,0.12246370023397933
Online GRU,2.0,11.44519675141805,38.06090777138566,1249,,,,,,7.111133227500148,set1,50,0.10501646039090494,,,,,,0.12246370023397933
Online GRU,3.0,17.16779512712708,38.65998884673857,1249,,,,,,1.388534851791115,set1,50,0.020506161509076644,,,,,,0.12246370023397933
Online GRU,5.0,28.61299187854513,39.85815099744441,1249,,,,,,-10.056661899626938,set1,50,-0.14852266837632533,,,,,,0.12246370023397933
Online GRU,1.0,6.004472495594614,43.90552449782157,1249,-5.567832027569014,16.192367767900055,12.10950277966035,1.4854705416734457,6.49337101704304,30.712880078707883,set1,51,0.4182576872121299,-0.2132279133636078,1.617987076493765,1.012720051659076,0.16659358162012225,0.7081308380600877,0.12828587371685912
Online GRU,1.5,9.006708743391922,43.996023529049886,1249,,,,,,27.710643830910577,set1,51,0.37740524087635186,,,,,,0.12828587371685912
Online GRU,2.0,12.008944991189228,44.08652256027823,1249,,,,,,24.708407583113267,set1,51,0.33654531344728544,,,,,,0.12828587371685912
Online GRU,3.0,18.013417486783844,44.26752062273491,1249,,,,,,18.70393508751865,set1,51,0.25480351101128307,,,,,,0.12828587371685912
Online GRU,5.0,30.02236247797307,44.62951674764824,1249,,,,,,6.694990096329429,set1,51,0.09123559303922205,,,,,,0.12828587371685912
Online GRU,1.0,7.544491294566252,25.741925941097882,1251,11.411113625063088,8.064371086733418,1.3651355725427736,-6.688393697812067,13.046021751093622,27.198248337620846,set2,42,0.460122938338474,0.5784875105557915,0.9382337996327506,0.13255278829659103,-0.7654965243566546,1.7061849223146777,0.1457137911185871
Online GRU,1.5,11.316736941849378,25.887217520522558,1251,,,,,,23.42600269033772,set2,42,0.39630503765585995,,,,,,0.1457137911185871
Online GRU,2.0,15.088982589132504,26.032509099947255,1251,,,,,,19.653757043054583,set2,42,0.3324868390308767,,,,,,0.1457137911185871
Online GRU,3.0,22.633473883698755,26.32309225879663,1251,,,,,,12.109265748488344,set2,42,0.20485128045849813,,,,,,0.1457137911185871
Online GRU,5.0,37.72245647283126,26.904258576495387,1251,,,,,,-2.979716840644168,set2,42,-0.050404356431749425,,,,,,0.1457137911185871
Online GRU,1.0,7.382596001913941,8.782011017585582,1251,25.66343860856145,3.7456130675908015,-2.9015614701635952,9.192312565934472,10.351778700982035,46.05158147290517,set2,43,0.9385672271625355,1.592774842538192,0.5099557842445479,-0.33368805671772167,1.223776341220322,1.6724664363759785,0.15134654242376797
Online GRU,1.5,11.073894002870912,9.984013732096455,1251,,,,,,42.360283471948186,set2,43,0.8633734455720101,,,,,,0.15134654242376797
Online GRU,2.0,14.765192003827883,11.535537939005517,1251,,,,,,38.668985470991224,set2,43,0.7881706113335067,,,,,,0.15134654242376797
Online GRU,3.0,22.147788005741823,14.638586352823403,1251,,,,,,31.286389469077285,set2,43,0.6377406140958561,,,,,,0.15134654242376797
Online GRU,5.0,36.91298000956971,20.844683180459207,1251,,,,,,16.521197465249397,set2,43,0.3368031294888673,,,,,,0.15134654242376797
Online GRU,1.0,7.7557654213568545,11.607336528943785,1251,8.905682074201513,3.2866594278426904,11.130474711246107,-6.733769237526742,14.503542509931266,31.092589485694827,set2,44,0.7084400827503259,0.6640370853584698,0.421181116842167,1.659674027865726,-0.9588877363679077,2.0162650129937654,0.15320411366667946
Online GRU,1.5,11.633648132035283,11.752061172470835,1251,,,,,,27.2147067750164,set2,44,0.6200697753781049,,,,,,0.15320411366667946
Online GRU,2.0,15.511530842713709,12.139242705744232,1251,,,,,,23.336824064337968,set2,44,0.5317010238139941,,,,,,0.15320411366667946
Online GRU,3.0,23.267296264070566,13.234908386197885,1251,,,,,,15.581058642981121,set2,44,0.3549726563512729,,,,,,0.15320411366667946
Online GRU,5.0,38.77882710678428,16.711398685181667,1251,,,,,,0.06952780026741184,set2,44,0.001583721717589438,,,,,,0.15320411366667946
Online GRU,1.0,7.855672050947003,15.987253774007716,1251,14.668761896201607,3.6430779671696327,6.52330641143503,-4.35632964893381,6.604547658872688,27.083364284745148,set2,45,0.5309510474657915,0.8978711676468278,0.4733258116486042,0.7157746177379156,-0.5706100268025024,0.8808312242653121,0.14778187063483053
Online GRU,1.5,11.783508076420505,16.12008989026598,1251,,,,,,23.15552825927165,set2,45,0.454028388221116,,,,,,0.14778187063483053
Online GRU,2.0,15.711344101894007,16.25292600652425,1251,,,,,,19.227692233798148,set2,45,0.37707733786367004,,,,,,0.14778187063483053
Online GRU,3.0,23.56701615284101,16.518598239040788,1251,,,,,,11.37202018285115,set2,45,0.22309319893636437,,,,,,0.14778187063483053
Online GRU,5.0,39.27836025473502,20.606328252903495,1251,,,,,,-4.339323919042857,set2,45,-0.08518119462414056,,,,,,0.14778187063483053
Online GRU,1.0,7.483452475859327,22.558431746252023,1251,1.7279577778262993,4.241768580436689,2.9110332509319212,5.326870489228148,20.629564423437387,34.837194521860454,set2,46,0.5204831922762914,0.07078811987609553,0.5377277074919972,0.2954338305277225,0.5864447483551372,2.5384574472586823,0.1468283155647086
Online GRU,1.5,11.225178713788988,22.63278661859379,1251,,,,,,31.09546828393078,set2,46,0.4645721553333818,,,,,,0.1468283155647086
Online GRU,2.0,14.966904951718654,22.707141490935562,1251,,,,,,27.353742046001123,set2,46,0.4086623555335486,,,,,,0.1468283155647086
Online GRU,3.0,22.450357427577977,22.855851235619102,1251,,,,,,19.870289570141793,set2,46,0.2968475899708137,,,,,,0.1468283155647086
Online GRU,5.0,37.41726237929664,23.718082897005498,1251,,,,,,4.9033846184231455,set2,46,0.07324524971606014,,,,,,0.1468283155647086
Online GRU,1.0,7.667188478411585,26.3197449080871,1251,-0.9248461856088651,3.685511310035335,1.1987113396766367,-5.876918639977033,9.642489377372947,7.724947201499018,set2,47,0.14399820112856176,-0.0494744205498101,0.4487147517174654,0.14514156860329241,-0.8505760536461855,1.3983498579074338,0.14993690611590543
Online GRU,1.5,11.500782717617378,26.45581316309471,1251,,,,,,3.8913529622932224,set2,47,0.07253453250915266,,,,,,0.14993690611590543
Online GRU,2.0,15.33437695682317,26.591881418102325,1251,,,,,,0.057758723087435876,set2,47,0.001076572373365669,,,,,,0.14993690611590543
Online GRU,3.0,23.001565435234756,26.864017928117555,1251,,,,,,-7.609429755324149,set2,47,-0.1418198783193006,,,,,,0.14993690611590543
Online GRU,5.0,38.33594239205792,28.382731545846106,1251,,,,,,-22.943806712147317,set2,47,-0.4275185111964193,,,,,,0.14993690611590543
Online GRU,1.0,7.327210056433445,16.2393788036217,1251,10.490048568642393,8.803506690820827,20.567742630906753,-3.2118646501697414,15.504191152142047,52.15362439234228,set2,48,0.952812367829135,0.6023189438235417,0.9428923564435286,2.4823256753658507,-0.35980654182979693,1.9409639318182175,0.14567532388633073
Online GRU,1.5,10.990815084650167,16.373830518122958,1251,,,,,,48.490019364125544,set2,48,0.8859335186058408,,,,,,0.14567532388633073
Online GRU,2.0,14.65442011286689,16.508282232624204,1251,,,,,,44.82641433590883,set2,48,0.8190445469651009,,,,,,0.14567532388633073
Online GRU,3.0,21.981630169300335,16.77718566162671,1251,,,,,,37.49920427947539,set2,48,0.6852383351912829,,,,,,0.14567532388633073
Online GRU,5.0,36.63605028216722,17.314992519631716,1251,,,,,,22.844784166608495,set2,48,0.4175275503660011,,,,,,0.14567532388633073
Online GRU,1.0,7.735141993244455,24.192494517527127,1251,10.175330656905059,16.899159360752765,7.081388766930193,-13.592610640250575,19.602638993643335,40.16590713798077,set2,49,0.716136314110618,0.5104845430467173,2.422566535954892,0.7816905654282412,-1.805226483906664,2.840722110828311,0.14973367108974459
Online GRU,1.5,11.602712989866683,24.332270497935117,1251,,,,,,36.29833614135855,set2,49,0.6471972546887005,,,,,,0.14973367108974459
Online GRU,2.0,15.47028398648891,24.472046478343103,1251,,,,,,32.43076514473632,set2,49,0.5782528944678402,,,,,,0.14973367108974459
Online GRU,3.0,23.205425979733366,24.75159843915909,1251,,,,,,24.69562315149185,set2,49,0.440350479587962,,,,,,0.14973367108974459
Online GRU,5.0,38.67570996622227,25.310702360791048,1251,,,,,,9.225339165002957,set2,49,0.16450633725242006,,,,,,0.14973367108974459
Online GRU,1.0,7.596123065240691,8.427683722175896,1251,4.97569054298438,2.1982062601130425,22.510126430160348,5.731251831054432,10.215477999374171,45.63075306368637,set2,50,1.0332005668895483,0.4161133576844202,0.3017904878213074,2.925657496873184,0.6684440470901966,1.2937991004917004,0.14893484360102896
Online GRU,1.5,11.394184597861035,8.569083305845407,1251,,,,,,41.83269153106603,set2,50,0.9472330226598625,,,,,,0.14893484360102896
Online GRU,2.0,15.192246130481381,8.71048288951492,1251,,,,,,38.03462999844568,set2,50,0.8612561147882339,,,,,,0.14893484360102896
Online GRU,3.0,22.78836919572207,8.993282056853946,1251,,,,,,30.43850693320499,set2,50,0.6892787709188303,,,,,,0.14893484360102896
Online GRU,5.0,37.98061532620345,11.933853235194135,1251,,,,,,15.246260802723619,set2,50,0.3452619342113175,,,,,,0.14893484360102896
Online GRU,1.0,7.4294195801351455,11.529678086068104,1251,10.407045238367672,13.216608321707623,-3.0047277596470896,4.3058537478377605,-1.1436454003587087,23.781134147907256,set2,51,0.5216388651326435,0.7910879883787234,1.739925507514889,-0.3415270306607485,0.5552643776503443,-0.16271623807527585,0.14853056681317567
Online GRU,1.5,11.144129370202718,12.252421345955437,1251,,,,,,20.066424357839697,set2,51,0.44018452581648865,,,,,,0.14853056681317567
Online GRU,2.0,14.858839160270291,12.975164605842807,1251,,,,,,16.35171456777212,set2,51,0.35871857964826587,,,,,,0.14853056681317567
Online GRU,3.0,22.288258740405436,14.420651125617583,1251,,,,,,8.922294987636965,set2,51,0.19575547686437617,,,,,,0.14853056681317567
Online GRU,5.0,37.14709790067573,19.769934904816306,1251,,,,,,-5.936544172633315,set2,51,-0.1302702650916209,,,,,,0.14853056681317567
Online GRU,1.0,6.324307689919144,35.55494221507229,1250,-0.9177298572689827,-10.293400747553116,-5.765593494763002,-0.976581671217519,4.135005928650968,-13.818299842151655,set3,42,-0.2451496039709819,-0.05695334487855242,-1.0553465568787754,-0.5254571621407529,-0.11032810811723599,0.44673051667309405,0.13463686249628803
Online GRU,1.5,9.486461534878718,36.66098227535441,1250,,,,,,-16.98045368711123,set3,42,-0.30126841410030253,,,,,,0.13463686249628803
Online GRU,2.0,12.648615379838288,37.767022335636526,1250,,,,,,-20.142607532070798,set3,42,-0.3573936741482866,,,,,,0.13463686249628803
Online GRU,3.0,18.972923069757435,39.97910245620072,1250,,,,,,-26.46691522198995,set3,42,-0.4696621973256866,,,,,,0.13463686249628803
Online GRU,5.0,31.621538449595718,47.11749473355354,1250,,,,,,-39.11553060182823,set3,42,-0.6942618167749225,,,,,,0.13463686249628803
Online GRU,1.0,6.096708638881662,35.29923951988454,1250,16.10026896418666,-8.66834665171554,-13.036918347143603,5.277754719767288,15.355757377673534,15.028516062768338,set3,43,0.2318560168523089,0.878131433815844,-0.6672996207311981,-0.9161803812137367,0.6323578786637221,1.8689790478922306,0.13259765095797327
Online GRU,1.5,9.145062958322491,37.11814641313382,1250,,,,,,11.980161743327516,set3,43,0.18482392246045526,,,,,,0.13259765095797327
Online GRU,2.0,12.193417277763324,38.9370533063831,1250,,,,,,8.931807423886681,set3,43,0.13779311586851556,,,,,,0.13259765095797327
Online GRU,3.0,18.290125916644982,42.57486709288168,1250,,,,,,2.8350987850050116,set3,43,0.04373609630060306,,,,,,0.13259765095797327
Online GRU,5.0,30.48354319440831,49.85049466587884,1250,,,,,,-9.3583184927583,set3,43,-0.1443544590902954,,,,,,0.13259765095797327
Online GRU,1.0,5.921864235805454,19.973113407199723,1250,8.282222579353348,-1.8366101463402666,-10.19003153175353,16.550648662234597,-3.4333013437163724,9.372928219777776,set3,44,0.13216308918737457,0.4091634138317527,-0.13837103900526843,-0.7339391918756333,1.619971173902595,-0.30324556115063267,0.12825392551435194
Online GRU,1.5,8.882796353708182,20.017485201633296,1250,,,,,,6.4119961018750615,set3,44,0.09041606694095536,,,,,,0.12825392551435194
Online GRU,2.0,11.843728471610907,20.061856996066872,1250,,,,,,3.4510639839723316,set3,44,0.048665631058594574,,,,,,0.12825392551435194
Online GRU,3.0,17.765592707416364,21.61621788645249,1250,,,,,,-2.4708002518331313,set3,44,-0.03484492230255921,,,,,,0.12825392551435194
Online GRU,5.0,29.609321179027276,26.0353725822656,1250,,,,,,-14.31452872344404,set3,44,-0.20190083670108339,,,,,,0.12825392551435194
Online GRU,1.0,6.105671906857861,22.79667866051215,1250,18.06625732505042,4.1836689172331525,17.62888678234866,-14.147247591231766,-0.4604985574795046,25.271066875920955,set3,45,0.370322075966087,0.8672130708446429,0.33810294740907093,1.660787472616014,-1.4269596881844622,-0.03936705598306154,0.13466070380774922
Online GRU,1.5,9.158507860286791,23.551758025746846,1250,,,,,,22.21823092249202,set3,45,0.3256047834041169,,,,,,0.13466070380774922
Online GRU,2.0,12.211343813715722,24.306837390981627,1250,,,,,,19.165394969063097,set3,45,0.28088194543741024,,,,,,0.13466070380774922
Online GRU,3.0,18.317015720573583,25.81699612145106,1250,,,,,,13.059723062205236,set3,45,0.19142027923909902,,,,,,0.13466070380774922
Online GRU,5.0,30.5283595342893,35.693115571000824,1250,,,,,,0.8483792484895114,set3,45,0.012437513617609598,,,,,,0.13466070380774922
Online GRU,1.0,6.181868606082837,33.35526616666118,1250,-3.0622869161304864,-2.882918793884376,2.744624065458174,-6.589215392394235,-12.828195187695451,-22.617992224646372,set3,46,-0.35171132008002576,-0.17479826563007386,-0.26027564292186295,0.18942450979603287,-0.6987180646738012,-1.2600267849472018,0.1339723150104028
Online GRU,1.5,9.272802909124255,35.24260331423381,1250,,,,,,-25.708926527687797,set3,46,-0.39977595805551186,,,,,,0.1339723150104028
Online GRU,2.0,12.363737212165674,37.12994046180646,1250,,,,,,-28.79986083072922,set3,46,-0.44783994712753183,,,,,,0.1339723150104028
Online GRU,3.0,18.54560581824851,40.90461475695179,1250,,,,,,-34.981729436812046,set3,46,-0.543965019321092,,,,,,0.1339723150104028
Online GRU,5.0,30.90934303041419,49.014009477026065,1250,,,,,,-47.34546664897773,set3,46,-0.7361968264262398,,,,,,0.1339723150104028
Online GRU,1.0,6.531479072538789,17.833437383074603,1250,5.316257527575112,2.3788970830706804,0.9191567652062554,2.8935308737350436,7.7234148967456475,19.231257146332737,set3,47,0.32631695116205817,0.3318105208328262,0.23800995949493597,0.07015811573727909,0.3211697019013656,0.815675383954138,0.14149398897183635
Online GRU,1.5,9.797218608808183,17.90744087521817,1250,,,,,,15.96551761006334,set3,47,0.2709142990460781,,,,,,0.14149398897183635
Online GRU,2.0,13.062958145077578,17.98144436736174,1250,,,,,,12.699778073793949,set3,47,0.21550688868200027,,,,,,0.14149398897183635
Online GRU,3.0,19.594437217616367,18.129451351648886,1250,,,,,,6.168299001255165,set3,47,0.10467911630731488,,,,,,0.14149398897183635
Online GRU,5.0,32.65739536269395,23.813775487431975,1250,,,,,,-6.894659143822423,set3,47,-0.11701896543637413,,,,,,0.14149398897183635
Online GRU,1.0,6.710496363866399,19.982621334628785,1250,14.565083750976667,7.288546762675646,-2.0496919401567406,-6.540869542381903,2.231995070222205,15.495064101335881,set3,48,0.24450631431079795,0.7324987405107074,0.6105582516656387,-0.18647147967698066,-0.8435948568395885,0.23528410124484567,0.14512307371692887
Online GRU,1.5,10.0657445457996,20.948105354503525,1250,,,,,,12.139815919402675,set3,48,0.19156853058892548,,,,,,0.14512307371692887
Online GRU,2.0,13.420992727732798,22.226396816834928,1250,,,,,,8.784567737469482,set3,48,0.13862680754116957,,,,,,0.14512307371692887
Online GRU,3.0,20.1314890915992,25.122467140016226,1250,,,,,,2.0740713736030676,set3,48,0.03273242830053537,,,,,,0.14512307371692887
Online GRU,5.0,33.552481819332,33.6080714575407,1250,,,,,,-11.346921354129732,set3,48,-0.17909386410134556,,,,,,0.14512307371692887
Online GRU,1.0,6.067332974741527,16.322590574324604,1250,24.18723988563564,-3.750023125977226,9.038599004377856,16.414230954434757,1.2227141385943516,47.11276085706538,set3,49,0.7417164482467967,1.4827496065049333,-0.32474973918917516,0.6582991358373967,1.6197455058442316,0.11213254545989822,0.1341267095084334
Online GRU,1.5,9.100999462112291,16.426419509675572,1250,,,,,,44.07909436969463,set3,49,0.6939974197197866,,,,,,0.1341267095084334
Online GRU,2.0,12.134665949483054,16.530248445026544,1250,,,,,,41.04542788232386,set3,49,0.6462717629859722,,,,,,0.1341267095084334
Online GRU,3.0,18.201998924224583,16.737906315728473,1250,,,,,,34.97809490758234,set3,49,0.5508014015115512,,,,,,0.1341267095084334
Online GRU,5.0,30.336664873707633,18.904432646523674,1250,,,,,,22.84342895809928,set3,49,0.3597903513643851,,,,,,0.1341267095084334
Online GRU,1.0,6.27342826580486,16.104712517897095,1250,23.646532912023737,3.675792557115272,1.0011479494396942,-6.105835810844053,3.0820197740204023,25.299657381755065,set3,50,0.41108078663484215,1.4596136765971395,0.3047275646254148,0.07362167405579276,-0.6807289395153578,0.3294056020698278,0.1394166717114911
Online GRU,1.5,9.41014239870729,17.090840221641184,1250,,,,,,22.162943248852628,set3,50,0.3601303890701813,,,,,,0.1394166717114911
Online GRU,2.0,12.54685653160972,18.076967925385276,1250,,,,,,19.026229115950198,set3,50,0.3091748666134585,,,,,,0.1394166717114911
Online GRU,3.0,18.82028479741458,20.049223332873428,1250,,,,,,12.752800850145341,set3,50,0.20724939271983295,,,,,,0.1394166717114911
Online GRU,5.0,31.3671413290243,25.129608606466096,1250,,,,,,0.20594431853561274,set3,50,0.0033473558396027673,,,,,,0.1394166717114911
Online GRU,1.0,6.474933778626845,32.560818295959336,1250,16.824231322193402,-9.598082786335526,1.481355492226058,24.602883114928947,2.115376202436764,35.425763345449646,set3,51,0.5185730901109314,0.7705292139028205,-0.7393283096261233,0.1325830678582269,2.644663123004307,0.23329551957198105,0.1380248713578602
Online GRU,1.5,9.712400667940269,33.33924285964371,1250,,,,,,32.18829645613622,set3,51,0.4711397491630626,,,,,,0.1380248713578602
Online GRU,2.0,12.94986755725369,34.11766742332809,1250,,,,,,28.95082956682281,set3,51,0.4237143689941005,,,,,,0.1380248713578602
Online GRU,3.0,19.424801335880538,35.67451655069684,1250,,,,,,22.475895788195956,set3,51,0.32888823257331284,,,,,,0.1380248713578602
Online GRU,5.0,32.37466889313423,38.934754917539315,1250,,,,,,9.526028230942263,set3,51,0.13933963511675143,,,,,,0.1380248713578602
Online GRU,1.0,5.994229593765128,16.8619484242149,1251,21.434673030152005,26.5571277791246,1.0346208229277427,5.743761908672829,4.587032885129014,59.35721642600619,set4,42,0.9438933212974673,1.004062168363814,2.5416743329137845,0.09760941349970301,0.6825499215278025,0.6699324594108805,0.13077199130804243
Online GRU,1.5,8.991344390647692,16.95886670784843,1251,,,,,,56.360101629123626,set4,42,0.8963544250273069,,,,,,0.13077199130804243
Online GRU,2.0,11.988459187530257,17.055784991481953,1251,,,,,,53.36298683224106,set4,42,0.8488011721176473,,,,,,0.13077199130804243
Online GRU,3.0,17.982688781295384,17.249621558749006,1251,,,,,,47.368757238475936,set4,42,0.7536525951348392,,,,,,0.13077199130804243
Online GRU,5.0,29.97114796882564,17.637294693283113,1251,,,,,,35.38029805094568,set4,42,0.5631941713810842,,,,,,0.13077199130804243
Online GRU,1.0,6.546818239159674,23.164030775321912,1251,-17.166994298421873,7.867998579123256,-6.729676305411725,10.978747401626956,13.355711398029287,8.305786774945895,set4,43,0.14837773563550485,-0.9597402767041379,0.7799630092808634,-0.6701837291871903,1.2314681178389106,2.582570920212157,0.14343937827231565
Online GRU,1.5,9.820227358739512,25.358457533410352,1251,,,,,,5.032377655366053,set4,43,0.08989287055889789,,,,,,0.14343937827231565
Online GRU,2.0,13.093636478319349,27.552884291498803,1251,,,,,,1.7589685357862206,set4,43,0.03141762145645701,,,,,,0.14343937827231565
Online GRU,3.0,19.640454717479024,31.941737807675736,1251,,,,,,-4.787849703373451,set4,43,-0.08550265407194678,,,,,,0.14343937827231565
Online GRU,5.0,32.73409119579837,40.71944484002954,1251,,,,,,-17.881486181692797,set4,43,-0.3192127115245432,,,,,,0.14343937827231565
Online GRU,1.0,6.089613508213837,23.337512992026536,1251,2.00185743165055,20.37889052694997,10.726541864047809,19.271760335614832,8.85159651856149,61.23064667682465,set4,44,0.97573244970535,0.09223907220455277,2.0816479507436476,0.9438723794077131,2.5601152395273883,1.3953166862336388,0.13440016115371015
Online GRU,1.5,9.134420262320758,23.411156838584674,1251,,,,,,58.18583992271773,set4,44,0.9272724273751162,,,,,,0.13440016115371015
Online GRU,2.0,12.179227016427674,23.484800685142808,1251,,,,,,55.14103316861081,set4,44,0.8788044674489732,,,,,,0.13440016115371015
Online GRU,3.0,18.268840524641515,23.632088378259084,1251,,,,,,49.05141966039698,set4,44,0.7818458252095308,,,,,,0.13440016115371015
Online GRU,5.0,30.448067541069193,23.926663764491636,1251,,,,,,36.872192643969306,set4,44,0.5878452965331223,,,,,,0.13440016115371015
Online GRU,1.0,6.12070129076687,17.902193558717414,1251,23.56360324861494,16.36778285379066,-3.9034041868709486,11.547697407299973,4.332825742621303,51.90850506545593,set4,45,0.8150304383546116,1.1223460174575157,1.7552012462376272,-0.2992689256046679,1.2370306986160469,0.7810687162766844,0.13318693759805778
Online GRU,1.5,9.181051936150304,17.955255032472905,1251,,,,,,48.8481544200725,set4,45,0.7670557704385973,,,,,,0.13318693759805778
Online GRU,2.0,12.24140258153374,18.01527959359918,1251,,,,,,45.78780377468906,set4,45,0.7190700743279395,,,,,,0.13318693759805778
Online GRU,3.0,18.362103872300608,18.135328715851728,1251,,,,,,39.66710248392217,set4,45,0.6230667219941434,,,,,,0.13318693759805778
Online GRU,5.0,30.60350645383435,18.37542696035683,1251,,,,,,27.425699902388445,set4,45,0.4309400676451597,,,,,,0.13318693759805778
Online GRU,1.0,6.352974345608208,19.4593872160905,1251,-2.412977076816447,10.066870244012982,-6.613363133227034,-1.2982304442668533,2.503195010451027,2.2454946001536755,set4,46,0.035470540169560597,-0.11395944613286199,1.059522584804351,-0.5606964915815033,-0.1508800594279688,0.3375743332273947,0.13658853056032616
Online GRU,1.5,9.529461518412312,20.20282459907569,1251,,,,,,-0.9309925726504236,set4,46,-0.01470748043071959,,,,,,0.13658853056032616
Online GRU,2.0,12.705948691216417,20.947763272628947,1251,,,,,,-4.107479745454539,set4,46,-0.06489374039971121,,,,,,0.13658853056032616
Online GRU,3.0,19.058923036824623,22.448168561062374,1251,,,,,,-10.46045409106274,set4,46,-0.16528964742656438,,,,,,0.13658853056032616
Online GRU,5.0,31.76487172804104,29.877423270837532,1251,,,,,,-23.166402782279157,set4,46,-0.36616567548220386,,,,,,0.13658853056032616
Online GRU,1.0,6.3254936104659745,12.915577587991448,1251,14.4885248113323,6.646222546414365,-0.06627231817574984,1.8464724689804097,5.71973148279432,28.63467899134564,set4,47,0.5152595117686926,0.7707086462165599,0.7241812511789634,-0.0069647031356988845,0.2434039294062522,0.9508786135188537,0.1406267753370602
Online GRU,1.5,9.48824041569896,12.989795539992166,1251,,,,,,25.47193218611265,set4,47,0.45837901126541863,,,,,,0.1406267753370602
Online GRU,2.0,12.650987220931949,13.064013491992881,1251,,,,,,22.309185380879665,set4,47,0.40149018044043006,,,,,,0.1406267753370602
Online GRU,3.0,18.97648083139792,13.21244939599432,1251,,,,,,15.983691770413689,set4,47,0.2876887077187796,,,,,,0.1406267753370602
Online GRU,5.0,31.627468052329867,18.623857735510054,1251,,,,,,3.3327045494817438,set4,47,0.059998790261262626,,,,,,0.1406267753370602
Online GRU,1.0,5.970153517696724,31.398238715080645,1251,-4.533654367501621,2.7031168059199815,-9.2055039173177,10.712282813301922,-0.5379017607917598,-0.861660426389177,set4,48,-0.014367474656091596,-0.23383201339769816,0.2646291509243659,-0.8257142295923623,1.1766090901402415,-0.08909842630155639,0.13443606662209193
Online GRU,1.5,8.955230276545084,32.80175608351869,1251,,,,,,-3.846737185237535,set4,48,-0.06413723676590694,,,,,,0.13443606662209193
Online GRU,2.0,11.940307035393449,34.20527345195672,1251,,,,,,-6.831813944085893,set4,48,-0.11390074208958996,,,,,,0.13443606662209193
Online GRU,3.0,17.910460553090168,37.01230818883278,1251,,,,,,-12.801967461782631,set4,48,-0.2134081002784899,,,,,,0.13443606662209193
Online GRU,5.0,29.850767588483613,42.62637766258494,1251,,,,,,-24.742274497176066,set4,48,-0.41233804194548557,,,,,,0.13443606662209193
Online GRU,1.0,6.121495306568953,19.752405277184106,1251,19.368847827109104,13.971882691665972,-4.02329722073029,7.459975867419745,7.266752716702239,44.04416188216677,set4,49,0.6808563989863989,0.8599474217113745,1.479314576135515,-0.3473622701598177,0.8955850837575382,1.117646962498609,0.13573396842335506
Online GRU,1.5,9.18224295985343,19.81684119253796,1251,,,,,,40.98341422888229,set4,49,0.6336419533764575,,,,,,0.13573396842335506
Online GRU,2.0,12.242990613137906,19.881277107891805,1251,,,,,,37.92266657559782,set4,49,0.5864105295697806,,,,,,0.13573396842335506
Online GRU,3.0,18.36448591970686,20.010148938599507,1251,,,,,,31.80117126902887,set4,49,0.49189870042633405,,,,,,0.13573396842335506
Online GRU,5.0,30.60747653284476,20.267892600014903,1251,,,,,,19.55818065589097,set4,49,0.30269284039293126,,,,,,0.13573396842335506
Online GRU,1.0,6.332953919486535,15.820349193309507,1251,26.615969910532932,16.911593628642134,0.15691994682424276,-1.5454070019595094,7.7909194893858755,49.929995973425676,set4,50,0.7312384765243873,1.0694180829611482,1.892955668057355,0.015398014245142744,-0.16741257044648775,1.1090572381289143,0.1403227801353615
Online GRU,1.5,9.499430879229804,15.876570496998102,1251,,,,,,46.76351901368241,set4,50,0.684888649334274,,,,,,0.1403227801353615
Online GRU,2.0,12.66590783897307,15.932791800686704,1251,,,,,,43.59704205393914,set4,50,0.6385345204013341,,,,,,0.1403227801353615
Online GRU,3.0,18.998861758459608,16.045234408063898,1251,,,,,,37.2640881344526,set4,50,0.5458142614270214,,,,,,0.1403227801353615
Online GRU,5.0,31.664769597432677,16.31730919653424,1251,,,,,,24.598180295479533,set4,50,0.3603320734112232,,,,,,0.1403227801353615
Online GRU,1.0,6.081118432333392,21.230899601739882,1251,31.52675509791134,4.8354202744799535,5.363830364321583,16.747121674494856,6.265271480301206,64.73839889150894,set4,51,1.0923468078494882,1.675100279464283,0.47842543201959614,0.4552048842799051,2.0712798314574017,0.9346531725267045,0.1337656207969634
Online GRU,1.5,9.121677648500086,21.30196520559148,1251,,,,,,61.697839675342244,set4,51,1.0412021092174204,,,,,,0.1337656207969634
Online GRU,2.0,12.162236864666784,21.373030809443083,1251,,,,,,58.65728045917555,set4,51,0.9900394529120954,,,,,,0.1337656207969634
Online GRU,3.0,18.24335529700017,21.515162017146288,1251,,,,,,52.57616202684214,set4,51,0.8876616538275608,,,,,,0.1337656207969634
Online GRU,5.0,30.405592161666956,21.799424432552687,1251,,,,,,40.41392516217537,set4,51,0.6827058530735353,,,,,,0.1337656207969634
Online LSTM,1.0,5.597615094889661,35.517559964170516,1249,-20.018217348762807,13.629648703186284,0.2843610015049791,0.11510117111798099,-2.111295271150434,-8.100401744104,set1,42,-0.11223503370003957,-0.9816064650354677,1.1997669912995335,0.01815154194347913,0.009051243901968986,-0.2157184664753137,0.11785401067655293
Online LSTM,1.5,8.396422642334493,35.61734073292697,1249,,,,,,-10.899209291548825,set1,42,-0.15102118466935247,,,,,,0.11785401067655293
Online LSTM,2.0,11.195230189779322,35.717121501683415,1249,,,,,,-13.698016838993663,set1,42,-0.1898108540570853,,,,,,0.11785401067655293
Online LSTM,3.0,16.792845284668985,35.916683039196315,1249,,,,,,-19.295631933883314,set1,42,-0.26740017989283144,,,,,,0.11785401067655293
Online LSTM,5.0,27.98807547444831,36.31580611422213,1249,,,,,,-30.490862123662644,set1,42,-0.4226147982785729,,,,,,0.11785401067655293
Online LSTM,1.0,5.63693496131093,28.039983076285264,1249,-7.763866610623646,18.689056888277936,0.1656725576124736,5.785379327719594,1.562191460357066,18.438433623343407,set1,43,0.24619769051238863,-0.3490650093318266,1.3944095948503055,0.009940815644806622,0.6315361047704505,0.16074723627789075,0.12212186613257747
Online LSTM,1.5,8.455402441966394,28.11976110711819,1249,,,,,,15.619966142687952,set1,43,0.2085760714940485,,,,,,0.12212186613257747
Online LSTM,2.0,11.27386992262186,28.199539137951113,1249,,,,,,12.801498662032484,set1,43,0.17095001152414888,,,,,,0.12212186613257747
Online LSTM,3.0,16.910804883932787,28.359095199616963,1249,,,,,,7.164563700721556,set1,43,0.09568510845243518,,,,,,0.12212186613257747
Online LSTM,5.0,28.18467480655465,28.678207322948673,1249,,,,,,-4.109306221900299,set1,43,-0.05489204721020024,,,,,,0.12212186613257747
Online LSTM,1.0,5.824762274873269,44.983343005767814,1249,14.14752455782099,14.509040986897976,-0.6688376928845379,15.95377319489121,9.857140343144117,53.79864138986975,set1,44,0.7113005100298114,0.561683004804016,1.2735528190875613,-0.04465089857385381,1.826464814010878,1.0395165172726273,0.12670221818661337
Online LSTM,1.5,8.737143412309905,45.07033998529683,1249,,,,,,50.886260252433104,set1,44,0.6728457609204747,,,,,,0.12670221818661337
Online LSTM,2.0,11.649524549746538,45.15733696482583,1249,,,,,,47.97387911499647,set1,44,0.634384470355861,,,,,,0.12670221818661337
Online LSTM,3.0,17.47428682461981,45.33133092388383,1249,,,,,,42.14911684012321,set1,44,0.5574427430441781,,,,,,0.12670221818661337
Online LSTM,5.0,29.123811374366348,45.679318841999844,1249,,,,,,30.499592290376683,set1,44,0.4034860572879947,,,,,,0.12670221818661337
Online LSTM,1.0,4.84967050202651,35.77485491872434,1249,6.224194840488259,7.557689126853171,3.7514579077412145,-4.417154581720241,3.436931831363298,16.553119124725704,set1,45,0.21647251626220904,0.25985327799187424,0.6418047853276213,0.2721675097313162,-0.3703072414335957,0.2969931481633822,0.10660679224906197
Online LSTM,1.5,7.274505753039765,35.84876760789687,1249,,,,,,14.128283873712446,set1,45,0.1847704590598701,,,,,,0.10660679224906197
Online LSTM,2.0,9.69934100405302,35.9226802970694,1249,,,,,,11.703448622699183,set1,45,0.153065287817527,,,,,,0.10660679224906197
Online LSTM,3.0,14.54901150607953,36.07050567541446,1249,,,,,,6.853778120672693,set1,45,0.08964601089623836,,,,,,0.10660679224906197
Online LSTM,5.0,24.24835251013255,36.36615643210458,1249,,,,,,-2.845562883380321,set1,45,-0.03722542382652345,,,,,,0.10660679224906197
Online LSTM,1.0,5.571255348904527,24.62486797256479,1249,-5.466051151112788,23.850663756829498,14.391669134675434,0.4722714673509307,-1.0940367835495692,32.1545164241935,set1,46,0.48526480377048087,-0.3223910399419959,2.276572733536977,1.0739298692787862,0.041413832157369074,-0.0833084763397122,0.11648068171101641
Online LSTM,1.5,8.35688302335679,24.904991393421664,1249,,,,,,29.368888749741238,set1,46,0.4432242986179902,,,,,,0.11648068171101641
Online LSTM,2.0,11.142510697809055,25.185114814278542,1249,,,,,,26.583261075288966,set1,46,0.40118329697529437,,,,,,0.11648068171101641
Online LSTM,3.0,16.71376604671358,25.745361655992305,1249,,,,,,21.01200572638445,set1,46,0.31710061441718884,,,,,,0.11648068171101641
Online LSTM,5.0,27.85627674452264,26.865855339419824,1249,,,,,,9.869495028575392,set1,46,0.1489382032765801,,,,,,0.11648068171101641
Online LSTM,1.0,5.405983735526558,31.513671179658882,1249,-13.392187802343997,10.957499826938008,3.822319636397753,7.389599755554224,0.09009256562307472,8.867323982169063,set1,47,0.1220608233409306,-0.6275689093966468,0.7773612836440157,0.25455918810623407,0.6966508846384339,0.010611957977748344,0.11828458257692877
Online LSTM,1.5,8.108975603289837,31.591393383892896,1249,,,,,,6.1643321144057825,set1,47,0.08485918725111424,,,,,,0.11828458257692877
Online LSTM,2.0,10.811967471053116,31.66911558812692,1249,,,,,,3.461340246642508,set1,47,0.04765250369433279,,,,,,0.11828458257692877
Online LSTM,3.0,16.217951206579674,31.82455999659496,1249,,,,,,-1.94464348888405,set1,47,-0.02677546533865742,,,,,,0.11828458257692877
Online LSTM,5.0,27.029918677632786,32.13544881353103,1249,,,,,,-12.75661095993717,set1,47,-0.17568602185980595,,,,,,0.11828458257692877
Online LSTM,1.0,5.258878270300004,40.968048980753736,1249,4.260254647529435,14.107363194586508,-2.816904343530073,-5.7011117963033096,0.4471938418137384,10.296795544096302,set1,48,0.1229652987339565,0.14151902916762146,1.3443571425064031,-0.18247464532858249,-0.6674707127453717,0.04729043539801839,0.11742663351297938
Online LSTM,1.5,7.888317405450005,41.07110620545401,1249,,,,,,7.667356408946299,set1,48,0.09156545116675051,,,,,,0.11742663351297938
Online LSTM,2.0,10.517756540600008,41.17416343015429,1249,,,,,,5.037917273796305,set1,48,0.060164771323358575,,,,,,0.11742663351297938
Online LSTM,3.0,15.77663481090001,41.380277879554825,1249,,,,,,-0.22096099650370793,set1,48,-0.0026388614284781303,,,,,,0.11742663351297938
Online LSTM,5.0,26.294391351500018,41.792506778355914,1249,,,,,,-10.738717537103712,set1,48,-0.12825365242153774,,,,,,0.11742663351297938
Online LSTM,1.0,5.391368177138717,39.472249583329656,1249,-7.97493235133489,13.411896844881538,13.509009657375437,1.9329408694934331,2.5825670950140114,23.461482115429526,set1,49,0.2947003582001542,-0.3122614986998571,1.1028289231275505,0.8807268248763119,0.18937871132920656,0.22012136429672063,0.11608248153336423
Online LSTM,1.5,8.087052265708076,39.53869277220278,1249,,,,,,20.76579802686017,set1,49,0.26085157905703416,,,,,,0.11608248153336423
Online LSTM,2.0,10.782736354277434,39.60513596107589,1249,,,,,,18.07011393829082,set1,49,0.22699951092378412,,,,,,0.11608248153336423
Online LSTM,3.0,16.174104531416152,39.73802233882211,1249,,,,,,12.678745761152088,set1,49,0.15928591696221298,,,,,,0.11608248153336423
Online LSTM,5.0,26.956840885693587,40.00379509431457,1249,,,,,,1.896009406874679,set1,49,0.023823766228851635,,,,,,0.11608248153336423
Online LSTM,1.0,5.194952737817809,40.26324023943907,1249,0.4272876368740075,21.126042542978713,-0.6637084539570928,12.216756193246859,6.564060924224336,39.67043884336683,set1,50,0.5216292407360221,0.017116613843343093,1.962121609041453,-0.038950219530561145,1.5003459062797113,0.7750426325911202,0.11570863678189028
Online LSTM,1.5,7.792429106726714,40.3355832274674,1249,,,,,,37.07296247445792,set1,50,0.48747624467578,,,,,,0.11570863678189028
Online LSTM,2.0,10.389905475635619,40.40792621549575,1249,,,,,,34.47548610554902,set1,50,0.45332260546994196,,,,,,0.11570863678189028
Online LSTM,3.0,15.584858213453428,40.55261219155243,1249,,,,,,29.2805333677312,set1,50,0.38501380251853873,,,,,,0.11570863678189028
Online LSTM,5.0,25.974763689089045,40.84198414366579,1249,,,,,,18.890627892095583,set1,50,0.24839293296892154,,,,,,0.11570863678189028
Online LSTM,1.0,5.467811857136777,42.57164197020199,1249,-0.5296447789760794,16.942671593020425,9.747133273981955,4.368828198890994,5.580057925217091,36.10904621213439,set1,51,0.48233383665327306,-0.020274632889230867,1.4399066192206396,0.8147276270531864,0.4537977657308355,0.6418722344359586,0.11908945328892288
Online LSTM,1.5,8.201717785705167,42.64907017783312,1249,,,,,,33.375140283566004,set1,51,0.44585702802280974,,,,,,0.11908945328892288
Online LSTM,2.0,10.935623714273554,42.726498385464254,1249,,,,,,30.64123435499761,set1,51,0.4093729441057196,,,,,,0.11908945328892288
Online LSTM,3.0,16.403435571410334,42.88135480072654,1249,,,,,,25.17342249786083,set1,51,0.33638339111423876,,,,,,0.11908945328892288
Online LSTM,5.0,27.339059285683888,43.191067631251094,1249,,,,,,14.23779878358728,set1,51,0.1903218364770865,,,,,,0.11908945328892288
Online LSTM,1.0,6.432258362843433,11.488587861506176,1251,8.585239615576858,18.28196205000261,1.6475573916345632,2.500848111110014,9.170070206279288,40.185677374603344,set2,42,0.7100694182230789,0.5362382045573996,1.5206586362297054,0.1499010132335525,0.2845699679657154,1.3486492976929723,0.13509999103467582
Online LSTM,1.5,9.648387544265148,11.710154808080548,1251,,,,,,36.969548193181616,set2,42,0.6532900579700923,,,,,,0.13509999103467582
Online LSTM,2.0,12.864516725686865,12.266401648603209,1251,,,,,,33.7534190117599,set2,42,0.5965010118475891,,,,,,0.13509999103467582
Online LSTM,3.0,19.296775088530296,13.378895329648453,1251,,,,,,27.321160648916464,set2,42,0.48289524162563474,,,,,,0.13509999103467582
Online LSTM,5.0,32.161291814217165,15.603882691739035,1251,,,,,,14.45664392322961,set2,42,0.25558266401397695,,,,,,0.13509999103467582
Online LSTM,1.0,7.10905869312163,22.715325233987073,1251,16.655599910035413,17.970229715391188,9.19118369765965,7.2407590053140405,13.147505502204407,64.20527783060469,set2,43,1.2535562695493345,0.964489371669637,2.4850004136781436,1.0289549099009283,1.0195877326514686,1.8948737309496635,0.14416721674253055
Online LSTM,1.5,10.663588039682445,22.84352122403906,1251,,,,,,60.65074848404388,set2,43,1.1843769584990151,,,,,,0.14416721674253055
Online LSTM,2.0,14.21811738624326,22.971717214091044,1251,,,,,,57.096219137483054,set2,43,1.1151685837582528,,,,,,0.14416721674253055
Online LSTM,3.0,21.32717607936489,23.228109194195024,1251,,,,,,49.987160444361436,set2,43,0.9766670714043216,,,,,,0.14416721674253055
Online LSTM,5.0,35.545293465608154,23.740893154402976,1251,,,,,,35.769043058118164,set2,43,0.6993420715943388,,,,,,0.14416721674253055
Online LSTM,1.0,7.519225573089885,19.389777405903818,1251,18.39415645776813,16.023256123717687,0.8767087141859919,2.2145160481562107,0.939655917077439,38.448293260905466,set2,44,0.7206050032225717,1.062078021949808,1.8209621224976043,0.0904967030308008,0.31179882018229355,0.13112811372410854,0.1469219555924165
Online LSTM,1.5,11.278838359634829,19.53838763331718,1251,,,,,,34.688680474360524,set2,44,0.6501843340758439,,,,,,0.1469219555924165
Online LSTM,2.0,15.03845114617977,19.68699786073054,1251,,,,,,30.929067687815575,set2,44,0.5797526962083237,,,,,,0.1469219555924165
Online LSTM,3.0,22.557676719269658,19.98421831555726,1251,,,,,,23.409842114725684,set2,44,0.438859014107511,,,,,,0.1469219555924165
Online LSTM,5.0,37.59612786544943,20.578659225210693,1251,,,,,,8.371390968545917,set2,44,0.15696754981332495,,,,,,0.1469219555924165
Online LSTM,1.0,7.467465658905851,13.00291984853414,1251,23.261272018618662,9.674582122176773,9.642387364199882,-1.8576544149583911,-3.427830543229053,37.29275654680787,set2,45,0.8674998561606043,1.7438560520867732,1.5000205929958121,1.2350103961055752,-0.27085114088821044,-0.5230427087411426,0.1473935445505604
Online LSTM,1.5,11.201198488358777,13.152288720919362,1251,,,,,,33.55902371735496,set2,45,0.7808457044388107,,,,,,0.1473935445505604
Online LSTM,2.0,14.934931317811701,13.301657593304576,1251,,,,,,29.825290887902028,set2,45,0.6941441386411278,,,,,,0.1473935445505604
Online LSTM,3.0,22.402396976717554,13.60039533807501,1251,,,,,,22.35782522899617,set2,45,0.5206032781819494,,,,,,0.1473935445505604
Online LSTM,5.0,37.33732829452926,15.446731781331932,1251,,,,,,7.422893911184467,set2,45,0.17300243135488363,,,,,,0.1473935445505604
Online LSTM,1.0,7.380185732869067,23.32385388235485,1251,15.247306935551514,8.667881360852572,9.131651052030328,5.6216210964790365,11.279547201646109,49.94800764655955,set2,46,0.9415188622878458,0.8732976642305855,1.1409306396758871,0.8958046101900474,0.7454469052534195,1.6954094305471366,0.14771091443679427
Online LSTM,1.5,11.0702785993036,23.451019993777482,1251,,,,,,46.25791478012502,set2,46,0.872025983981374,,,,,,0.14771091443679427
Online LSTM,2.0,14.760371465738134,23.578186105200103,1251,,,,,,42.56782191369049,set2,46,0.80252053250434,,,,,,0.14771091443679427
Online LSTM,3.0,22.1405571986072,23.832518328045353,1251,,,,,,35.187636180821414,set2,46,0.6634741483759652,,,,,,0.14771091443679427
Online LSTM,5.0,36.90092866434534,24.341182773735852,1251,,,,,,20.427264715083282,set2,46,0.3852551522062316,,,,,,0.14771091443679427
Online LSTM,1.0,7.229818552503881,15.702647617918391,1251,18.875206710915368,-2.4570186407221914,4.032475085635133,3.1173263469337167,8.788217213323357,32.35620671608538,set2,47,0.6830810901683222,1.2885324264988072,-0.27273820623776934,0.5185854202350781,0.4045798374571926,1.466092815775546,0.1443264596456255
Online LSTM,1.5,10.844727828755822,15.796777595882682,1251,,,,,,28.741297439833446,set2,47,0.606838938190348,,,,,,0.1443264596456255
Online LSTM,2.0,14.459637105007761,15.913366103379767,1251,,,,,,25.126388163581503,set2,47,0.530576483904248,,,,,,0.1443264596456255
Online LSTM,3.0,21.689455657511644,17.855279505074265,1251,,,,,,17.896569611077624,set2,47,0.3779939123567367,,,,,,0.1443264596456255
Online LSTM,5.0,36.14909276251941,22.592361172147754,1251,,,,,,3.4369325060698603,set2,47,0.07262088928127516,,,,,,0.1443264596456255
Online LSTM,1.0,7.561252103793335,24.205058918093552,1251,12.436630216277862,5.6582140580107625,11.397079350999272,-3.322440946052639,6.4689841520782485,32.638466831313515,set2,48,0.6334331190509589,0.6993174007786566,0.623902758750839,1.523941643780104,-0.5367670505495341,0.9907123882363467,0.14974402962239267
Online LSTM,1.5,11.341878155690004,24.343797513547408,1251,,,,,,28.857840779416833,set2,48,0.5601196142010885,,,,,,0.14974402962239267
Online LSTM,2.0,15.12250420758667,24.48253610900127,1251,,,,,,25.07721472752018,set2,48,0.4867891853195043,,,,,,0.14974402962239267
Online LSTM,3.0,22.68375631138001,24.760013299908977,1251,,,,,,17.515962623726843,set2,48,0.34008009058429195,,,,,,0.14974402962239267
Online LSTM,5.0,37.80626051896668,25.314967681724404,1251,,,,,,2.3934584161401635,set2,48,0.046486743085134334,,,,,,0.14974402962239267
Online LSTM,1.0,6.664566249951484,20.663164052568114,1251,17.64168582588621,2.8993860518755685,9.5930048703782,1.1592879886771463,4.498086637231453,35.79145137404859,set2,49,0.5265503621779285,0.7399675209042612,0.24792888538808813,1.040822790585839,0.16903454705472687,0.46227993648604815,0.1330709328913709
Online LSTM,1.5,9.996849374927226,20.769997296034116,1251,,,,,,32.45916824907284,set2,49,0.4775715223936774,,,,,,0.1330709328913709
Online LSTM,2.0,13.329132499902968,20.876830539500105,1251,,,,,,29.126885124097107,set2,49,0.4285828587624241,,,,,,0.1330709328913709
Online LSTM,3.0,19.993698749854453,21.090497026432097,1251,,,,,,22.462318874145616,set2,49,0.3305770139676267,,,,,,0.1330709328913709
Online LSTM,5.0,33.322831249757414,22.070860686634695,1251,,,,,,9.13318637424266,set2,49,0.13445794721403323,,,,,,0.1330709328913709
Online LSTM,1.0,7.191568815503959,14.892653250105372,1251,22.953247115797716,9.833649780118815,11.076841935267018,-1.6379435678038683,9.606627107348013,51.832422370727684,set2,50,1.1146170936934325,1.4011034618065652,1.6105722316917168,1.383316783806417,-0.2913811729758237,1.6475270826469224,0.14832771954486162
Online LSTM,1.5,10.78735322325594,14.95132913392207,1251,,,,,,48.236637962975706,set2,50,1.0373965722859764,,,,,,0.14832771954486162
Online LSTM,2.0,14.383137631007918,15.010005017738774,1251,,,,,,44.64085355522373,set2,50,0.9601572308121396,,,,,,0.14832771954486162
Online LSTM,3.0,21.57470644651188,15.12735678537217,1251,,,,,,37.44928473971977,set2,50,0.8056252667565929,,,,,,0.14832771954486162
Online LSTM,5.0,35.95784407751979,15.371450641701873,1251,,,,,,23.066147108711853,set2,50,0.49637052245719415,,,,,,0.14832771954486162
Online LSTM,1.0,7.1604921460862405,15.158715542847967,1251,13.752225771797486,10.843234661709907,11.257341540956206,6.299930958888651,12.967655209271886,55.12038814262413,set2,51,1.176842933748157,0.929884304588673,1.6636705045916529,1.2480920640402335,0.8436530613283556,1.9614062537172505,0.14529973896757215
Online LSTM,1.5,10.74073821912936,15.28000538237541,1251,,,,,,51.540142069581016,set2,51,1.1005215320701638,,,,,,0.14529973896757215
Online LSTM,2.0,14.320984292172481,15.401295221902863,1251,,,,,,47.959895996537895,set2,51,1.0241795971735836,,,,,,0.14529973896757215
Online LSTM,3.0,21.48147643825872,15.643874900957764,1251,,,,,,40.79940385045165,set2,51,0.8714377827658822,,,,,,0.14529973896757215
Online LSTM,5.0,35.80246073043121,16.12903425906756,1251,,,,,,26.47841955827918,set2,51,0.5657480287405452,,,,,,0.14529973896757215
Online LSTM,1.0,5.774118175664791,30.733976971722065,1250,14.908937511026208,-4.315470659525404,-10.492997001455077,9.84941628070347,10.571670247253731,20.52155637800293,set3,42,0.32350998319175994,0.8166615767470616,-0.36568318370374053,-0.8119141704003355,1.009282405455454,1.2244832205237217,0.1260827630928304
Online LSTM,1.5,8.661177263497185,31.604842211171412,1250,,,,,,17.634497290170533,set3,42,0.27801156610858274,,,,,,0.1260827630928304
Online LSTM,2.0,11.548236351329582,32.475707450620746,1250,,,,,,14.747438202338135,set3,42,0.23250817181619204,,,,,,0.1260827630928304
Online LSTM,3.0,17.32235452699437,34.21743792951939,1250,,,,,,8.973320026673349,set3,42,0.14148711983994652,,,,,,0.1260827630928304
Online LSTM,5.0,28.870590878323952,37.873258279597344,1250,,,,,,-2.5749163246562317,set3,42,-0.040607354420585176,,,,,,0.1260827630928304
Online LSTM,1.0,5.8445396666648195,25.886988561716272,1250,17.69767135178092,1.1827446247863016,-11.232627300673956,-7.7047587199514105,1.0342408230363656,0.9772707789782203,set3,43,0.015554350262431129,0.9583817733562843,0.10019070660676428,-0.8280999300734608,-1.0685272124619358,0.117345989218314,0.13146468097067915
Online LSTM,1.5,8.76680949999723,26.905864767757905,1250,,,,,,-1.9449990543541933,set3,43,-0.03095807190642793,,,,,,0.13146468097067915
Online LSTM,2.0,11.689079333329639,27.92474097379945,1250,,,,,,-4.867268887686607,set3,43,-0.07747415954895412,,,,,,0.13146468097067915
Online LSTM,3.0,17.53361899999446,30.925695161134815,1250,,,,,,-10.711808554351428,set3,43,-0.1705166576872826,,,,,,0.13146468097067915
Online LSTM,5.0,29.222698333324097,38.13451379416964,1250,,,,,,-22.40088788768106,set3,43,-0.35663822625525227,,,,,,0.13146468097067915
Online LSTM,1.0,6.064324049113677,33.323626610603235,1250,30.589633019149964,5.288617432656919,-12.03211047370061,19.5656382293688,5.5220255529491835,48.933803760424254,set3,44,0.7042623479424076,1.5886603749897124,0.45137566757941483,-0.714758106632662,2.1766069832492523,0.5619540702284977,0.12911498932771184
Online LSTM,1.5,9.096486073670516,33.68834095347551,1250,,,,,,45.90164173586741,set3,44,0.6606541528230088,,,,,,0.12911498932771184
Online LSTM,2.0,12.128648098227353,34.053055296347814,1250,,,,,,42.86947971131058,set3,44,0.6170411747951884,,,,,,0.12911498932771184
Online LSTM,3.0,18.19297214734103,34.78248398209239,1250,,,,,,36.805155662196896,set3,44,0.5298014392901538,,,,,,0.12911498932771184
Online LSTM,5.0,30.321620245568383,36.473541225952644,1250,,,,,,24.67650756396954,set3,44,0.3552708400188122,,,,,,0.12911498932771184
Online LSTM,1.0,5.862264143099377,20.942435405881863,1250,20.442091672948898,-1.7824603345916872,-1.2227712840949083,10.275765752831232,2.008413913538059,29.72103972063159,set3,45,0.5142131557883315,1.521996075376819,-0.18442286000422875,-0.07930974416475675,1.2212632707367652,0.21380802978030877,0.13095187757201865
Online LSTM,1.5,8.793396214649064,21.358851265253197,1250,,,,,,26.78990764908191,set3,45,0.46352507760935313,,,,,,0.13095187757201865
Online LSTM,2.0,11.724528286198755,21.934420582741236,1250,,,,,,23.85877557753222,set3,45,0.41283108288671955,,,,,,0.13095187757201865
Online LSTM,3.0,17.58679242929813,23.466565806854522,1250,,,,,,17.996511434432843,set3,45,0.3114262038361036,,,,,,0.13095187757201865
Online LSTM,5.0,29.31132071549688,26.530856255081087,1250,,,,,,6.271983148234082,set3,45,0.10855491496934526,,,,,,0.13095187757201865
Online LSTM,1.0,5.671088618412277,20.42811931720359,1250,24.828673058495905,-1.6091023341280124,8.630458136660401,5.664359658148413,6.4377614334031605,43.95214995257986,set3,46,0.6618256076278588,1.307157382550295,-0.13964140810302048,0.6141929969360082,0.5414043044091268,0.6905995765913883,0.12488919629175868
Online LSTM,1.5,8.506632927618416,20.813168190602312,1250,,,,,,41.116605643373724,set3,46,0.6191476033180766,,,,,,0.12488919629175868
Online LSTM,2.0,11.342177236824554,21.198217064001025,1250,,,,,,38.28106133416759,set3,46,0.5764663035673211,,,,,,0.12488919629175868
Online LSTM,3.0,17.01326585523683,21.968314810798496,1250,,,,,,32.60997271575531,set3,46,0.4910943871424996,,,,,,0.12488919629175868
Online LSTM,5.0,28.355443092061382,23.649068440486865,1250,,,,,,21.26779547893076,set3,46,0.32031727544278,,,,,,0.12488919629175868
Online LSTM,1.0,5.972864732224335,24.98325120258869,1250,15.458323791203538,-5.117894738527717,-14.122199283831325,13.765084741219773,5.9507807791024225,15.934095289166702,set3,47,0.2889432542587702,1.2097655711385866,-0.49710575960059195,-1.0135932530950238,1.7179351853061002,0.6588306940015206,0.13585438199020067
Online LSTM,1.5,8.959297098336503,25.685728616194574,1250,,,,,,12.947662923054528,set3,47,0.23481023960822875,,,,,,0.13585438199020067
Online LSTM,2.0,11.94572946444867,26.603461556145557,1250,,,,,,9.961230556942365,set3,47,0.18066679209857184,,,,,,0.13585438199020067
Online LSTM,3.0,17.918594196673006,28.438927436047535,1250,,,,,,3.9883658247180334,set3,47,0.07234979477868714,,,,,,0.13585438199020067
Online LSTM,5.0,29.864323661121674,32.1098591958515,1250,,,,,,-7.957363639730638,set3,47,-0.14439621696575503,,,,,,0.13585438199020067
Online LSTM,1.0,5.634227280747441,15.593859089782525,1250,22.34578743350488,7.516616395296329,8.581502130903628,-1.4882840428001352,5.984560504861775,42.94018242176648,set3,48,0.6229051506389897,0.9517056972122806,0.6561306104070076,0.7462892769271782,-0.18444890482105503,0.6750936740311583,0.12736715840387913
Online LSTM,1.5,8.451340921121162,15.658479507641967,1250,,,,,,40.12306878139275,set3,48,0.5820862213979991,,,,,,0.12736715840387913
Online LSTM,2.0,11.268454561494883,15.723099925501405,1250,,,,,,37.30595514101901,set3,48,0.5412601764534494,,,,,,0.12736715840387913
Online LSTM,3.0,16.902681842242323,15.852340761220285,1250,,,,,,31.67172786027158,set3,48,0.45958719334254067,,,,,,0.12736715840387913
Online LSTM,5.0,28.171136403737204,16.110822432658047,1250,,,,,,20.40327329877671,set3,48,0.2961608377372761,,,,,,0.12736715840387913
Online LSTM,1.0,5.774161281050483,23.89778982650653,1250,17.241052341207354,-1.3787864523234434,-2.2866221316468107,19.113151110541125,2.943702201557213,35.63249706933544,set3,49,0.5200617024986169,1.0804743979237281,-0.1188215531408199,-0.12765988750197235,1.6402726177172677,0.2984245700722935,0.12453350988720713
Online LSTM,1.5,8.661241921575725,24.534613173050808,1250,,,,,,32.7454164288102,set3,49,0.47793168035033584,,,,,,0.12453350988720713
Online LSTM,2.0,11.548322562100966,25.319571673500533,1250,,,,,,29.85833578828495,set3,49,0.43579983094631897,,,,,,0.12453350988720713
Online LSTM,3.0,17.32248384315145,26.889488674400063,1250,,,,,,24.084174507234465,set3,49,0.3515312648795361,,,,,,0.12453350988720713
Online LSTM,5.0,28.870806405252416,30.029322676199072,1250,,,,,,12.535851945133514,set3,49,0.1829789668398636,,,,,,0.12453350988720713
Online LSTM,1.0,5.852564605749629,24.10464765083528,1250,23.19229436779873,0.8817246121784439,7.184836177580784,-2.402329514385279,3.3568183225215957,32.21334396569427,set3,50,0.426906731278528,0.9922626883732145,0.0692576502659754,0.4119054080177669,-0.34888358708808065,0.3586500488355107,0.13055679189862218
Online LSTM,1.5,8.778846908624445,24.36473673191576,1250,,,,,,29.287061662819447,set3,50,0.3881453514726048,,,,,,0.13055679189862218
Online LSTM,2.0,11.705129211499258,24.624825812996225,1250,,,,,,26.36077935994464,set3,50,0.3493798487552867,,,,,,0.13055679189862218
Online LSTM,3.0,17.55769381724889,26.07475817110354,1250,,,,,,20.508214754195013,set3,50,0.2718368763002277,,,,,,0.13055679189862218
Online LSTM,5.0,29.26282302874815,28.98199824643643,1250,,,,,,8.803085542695749,set3,50,0.11670587861592213,,,,,,0.13055679189862218
Online LSTM,1.0,5.838289005091492,23.676603962875717,1250,27.0027462889227,1.0175416660385435,-8.988955517332586,20.55677757637337,-1.1330951045360904,38.45501490946594,set3,51,0.5576820842001184,1.488155103270544,0.08007842944002987,-0.6672555197158113,1.7300977979240537,-0.09596574206093396,0.12678261154893203
Online LSTM,1.5,8.757433507637238,24.33328482748694,1250,,,,,,35.535870406920175,set3,51,0.5153705128581435,,,,,,0.12678261154893203
Online LSTM,2.0,11.676578010182984,25.039662221149804,1250,,,,,,32.616725904374455,set3,51,0.4730546703005565,,,,,,0.12678261154893203
Online LSTM,3.0,17.514867015274476,26.452417008475575,1250,,,,,,26.778436899282955,set3,51,0.38841080058582317,,,,,,0.12678261154893203
Online LSTM,5.0,29.191445025457462,29.27792658312708,1250,,,,,,15.101858889099965,set3,51,0.21907873070803086,,,,,,0.12678261154893203
Online LSTM,1.0,5.487835701427722,22.346679834222886,1251,10.638608662172313,18.899887431679016,-2.222195760008378,7.790796153051792,8.421393799870385,43.528490286765134,set4,42,0.7288235528366575,0.5298184566724108,2.017151009762117,-0.20728185500511936,0.8942932249603144,1.4004298970064808,0.11868403983332207
Online LSTM,1.5,8.231753552141582,22.429693444189684,1251,,,,,,40.78457243605127,set4,42,0.6829423656629893,,,,,,0.11868403983332207
Online LSTM,2.0,10.975671402855443,22.5127070541565,1251,,,,,,38.040654585337414,set4,42,0.6370520227819331,,,,,,0.11868403983332207
Online LSTM,3.0,16.463507104283163,22.67873427409011,1251,,,,,,32.55281888390969,set4,42,0.5452445865194723,,,,,,0.11868403983332207
Online LSTM,5.0,27.439178507138603,23.01078871395734,1251,,,,,,21.57714748105424,set4,42,0.3615277394867481,,,,,,0.11868403983332207
Online LSTM,1.0,6.596055181800554,13.375932577173351,1251,-0.9967313496120657,3.2875891780998625,-1.9483417129199994,6.1129451277711855,8.104585871382822,14.560047114721803,set4,43,0.28378258629293024,-0.06294658579771016,0.36028793761161554,-0.19049059038189542,0.786828553752307,1.4549403121594935,0.14081129790830324
Online LSTM,1.5,9.89408277270083,13.476286883329438,1251,,,,,,11.262019523821532,set4,43,0.21951501169141663,,,,,,0.14081129790830324
Online LSTM,2.0,13.192110363601108,13.576641189485525,1251,,,,,,7.963991932921258,set4,43,0.15523955521040475,,,,,,0.14081129790830324
Online LSTM,3.0,19.78816554540166,13.79597573114265,1251,,,,,,1.3679367511207103,set4,43,0.026667406306655355,,,,,,0.14081129790830324
Online LSTM,5.0,32.98027590900277,22.036415066291518,1251,,,,,,-11.824173612480408,set4,43,-0.2305449467771735,,,,,,0.14081129790830324
Online LSTM,1.0,6.003394526945471,25.5707355773732,1251,4.275213667891109,18.28284079317471,3.4983312306182484,10.455996033748917,4.562229581587052,41.07461130702004,set4,44,0.6487685236507628,0.19156922526287398,2.3696952841000036,0.31192894197767673,1.2090800052672697,0.6519438518043011,0.12865710629171045
Online LSTM,1.5,9.00509179041821,25.663804947211972,1251,,,,,,38.07291404354731,set4,44,0.6013945747443389,,,,,,0.12865710629171045
Online LSTM,2.0,12.006789053890943,25.756874317050745,1251,,,,,,35.071216780074565,set4,44,0.5540139633813481,,,,,,0.12865710629171045
Online LSTM,3.0,18.01018358083642,25.943013056728287,1251,,,,,,29.067822253129094,set4,44,0.4592335221298317,,,,,,0.12865710629171045
Online LSTM,5.0,30.01697263472736,26.315290536083385,1251,,,,,,17.061033199238153,set4,44,0.26960115556069514,,,,,,0.12865710629171045
Online LSTM,1.0,5.698667299985271,11.761189611021692,1251,14.156039160896643,21.491577623587858,-0.8528759739893249,12.064355521553493,-0.17211846211961715,46.686977869929066,set4,45,0.8801720616227349,0.9567174247872392,2.2342091405996896,-0.07238341611407637,1.3329915684125542,-0.030020455705151,0.12898072013347903
Online LSTM,1.5,8.548000949977906,11.805848188160061,1251,,,,,,43.83764421993643,set4,45,0.8265430407305161,,,,,,0.12898072013347903
Online LSTM,2.0,11.397334599970542,11.850506765298432,1251,,,,,,40.988310569943785,set4,45,0.7729004730995848,,,,,,0.12898072013347903
Online LSTM,3.0,17.096001899955812,11.939823919575172,1251,,,,,,35.28964326995852,set4,45,0.6655764057903188,,,,,,0.12898072013347903
Online LSTM,5.0,28.49333649992635,12.794082549860248,1251,,,,,,23.892308669987983,set4,45,0.4507845317821478,,,,,,0.12898072013347903
Online LSTM,1.0,6.031094584214409,18.176599601138715,1251,20.47722230712851,4.862705809748778,0.35021611424742494,5.952559526484993,-2.046811816748115,29.595891940861602,set4,46,0.5021075988885079,1.0182280108631558,0.5876673294187812,0.03270561701525156,0.7048130134630126,-0.3237354145999781,0.13671671996005094
Online LSTM,1.5,9.046641876321614,18.223476233731397,1251,,,,,,26.58034464875439,set4,46,0.4510105843880653,,,,,,0.13671671996005094
Online LSTM,2.0,12.062189168428818,18.270352866324068,1251,,,,,,23.564797356647187,set4,46,0.3998986763587086,,,,,,0.13671671996005094
Online LSTM,3.0,18.093283752643227,18.368822878410644,1251,,,,,,17.53370277243278,set4,46,0.2976310623410156,,,,,,0.13671671996005094
Online LSTM,5.0,30.155472921072043,19.94487864684935,1251,,,,,,5.471513604003967,set4,46,0.09292684186489916,,,,,,0.13671671996005094
Online LSTM,1.0,6.287108315222169,11.74417748915173,1251,16.413775001268128,13.955882878696782,-2.1803149829674773,2.893473578892652,1.921949393765142,33.004765869655216,set4,47,0.6389836890672483,1.0679928665914866,1.624390933960477,-0.2009530432661254,0.3578723055571232,0.2932452155086806,0.13967837206072314
Online LSTM,1.5,9.430662472833255,11.803968262941659,1251,,,,,,29.861211712044135,set4,47,0.5781614473567736,,,,,,0.13967837206072314
Online LSTM,2.0,12.574216630444338,11.863759036731587,1251,,,,,,26.71765755443305,set4,47,0.51732973516541,,,,,,0.13967837206072314
Online LSTM,3.0,18.86132494566651,12.087087912909702,1251,,,,,,20.430549239210876,set4,47,0.39563995579124855,,,,,,0.13967837206072314
Online LSTM,5.0,31.43554157611085,17.782138362473628,1251,,,,,,7.856332608766545,set4,47,0.15216939443932911,,,,,,0.13967837206072314
Online LSTM,1.0,5.633424204264411,19.421007913164736,1251,4.0732860939319675,12.41440284630728,-12.293324952152606,3.2923880637375906,8.242445826216969,15.729197878041193,set4,48,0.25994223825299256,0.19009129977748163,1.3994130762946149,-1.2322611120106066,0.4078877253622323,1.4089038909700773,0.12869727746437698
Online LSTM,1.5,8.450136306396619,19.473931051091718,1251,,,,,,12.912485775908989,set4,48,0.21340525306844976,,,,,,0.12869727746437698
Online LSTM,2.0,11.266848408528823,19.78200996876298,1251,,,,,,10.095773673776781,set4,48,0.16686268547236757,,,,,,0.12869727746437698
Online LSTM,3.0,16.900272612793238,21.3942607255004,1251,,,,,,4.462349469512369,set4,48,0.07376157027027204,,,,,,0.12869727746437698
Online LSTM,5.0,28.167121021322053,25.005333433198413,1251,,,,,,-6.804498939016455,set4,48,-0.11249920249141959,,,,,,0.12869727746437698
Online LSTM,1.0,6.181517970954879,27.18605677009704,1251,8.48175365294224,13.495943872913685,1.659346677690899,10.241221120309838,11.490125630814171,45.368390954670836,set4,49,0.7004737086508426,0.37423212229808683,1.4371592178588202,0.14195409975451775,1.302281255273099,1.714657845796966,0.13580360926064386
Online LSTM,1.5,9.272276956432318,27.2717334007475,1251,,,,,,42.2776319691934,set4,49,0.6528102042938029,,,,,,0.13580360926064386
Online LSTM,2.0,12.363035941909757,27.357410031397976,1251,,,,,,39.18687298371596,set4,49,0.605137286185556,,,,,,0.13580360926064386
Online LSTM,3.0,18.544553912864636,27.528763292698905,1251,,,,,,33.00535501276108,set4,49,0.5097642493315658,,,,,,0.13580360926064386
Online LSTM,5.0,30.907589854774386,27.871469815300763,1251,,,,,,20.642319070851336,set4,49,0.31891667286426045,,,,,,0.13580360926064386
Online LSTM,1.0,5.9955161550560785,16.362655977534395,1251,22.289910076002283,13.711262878674585,2.744381541401538,4.75627766907347,4.796202130371489,48.298034295523365,set4,50,0.7936854376049806,1.0439686067026557,1.5511242855406715,0.30304222146053506,0.5260878397232742,0.6969423419844936,0.13573495967579785
Online LSTM,1.5,8.993274232584119,16.415096928123962,1251,,,,,,45.300276217995325,set4,50,0.7444754142198448,,,,,,0.13573495967579785
Online LSTM,2.0,11.991032310112157,16.46753787871353,1251,,,,,,42.302518140467285,set4,50,0.6952570859009619,,,,,,0.13573495967579785
Online LSTM,3.0,17.986548465168237,16.57241977989267,1251,,,,,,36.3070019854112,set4,50,0.5967966793774463,,,,,,0.13573495967579785
Online LSTM,5.0,29.977580775280394,16.782183582250937,1251,,,,,,24.315969675299048,set4,50,0.3997890353409632,,,,,,0.13573495967579785
Online LSTM,1.0,6.012162473415157,24.97785941165631,1251,13.49551336167742,8.030443160501042,6.886193922525346,14.455965306497614,3.1136573250209394,45.98177307622237,set4,51,0.7350560359582682,0.6211441317385361,0.8417583255882396,0.6459958213569195,1.7361912340828138,0.4783938598421999,0.1322819993529332
Online LSTM,1.5,9.018243710122736,25.072294930833483,1251,,,,,,42.97569183951479,set4,51,0.6870600791562481,,,,,,0.1322819993529332
Online LSTM,2.0,12.024324946830314,25.166730450010654,1251,,,,,,39.969610602807215,set4,51,0.6390546789293721,,,,,,0.1322819993529332
Online LSTM,3.0,18.03648742024547,25.355601488364996,1251,,,,,,33.957448129392056,set4,51,0.5430166569386956,,,,,,0.1322819993529332
Online LSTM,5.0,30.060812367075783,25.733343565073685,1251,,,,,,21.933123182561737,set4,51,0.350839504212605,,,,,,0.1322819993529332
Periodic LSTM (monthly),1.0,6.231004475327628,28.727735243990125,1249,-18.737740951481314,3.971744943352469,2.728432470314822,-1.076644535925865,6.793404617670047,-6.320803456069834,set1,42,-0.09463699604615633,-1.0474439208851407,0.32862409264590053,0.20122287024949492,-0.09232666339889117,0.6457062896790444,0.1310596675041203
Periodic LSTM (monthly),1.5,9.346506712991443,29.111376108243075,1249,,,,,,-9.436305693733656,set1,42,-0.14128808888689198,,,,,,0.1310596675041203
Periodic LSTM (monthly),2.0,12.462008950655257,30.41743586220964,1249,,,,,,-12.551807931397468,set1,42,-0.18794205187117327,,,,,,0.1310596675041203
Periodic LSTM (monthly),3.0,18.693013425982887,33.98646850672284,1249,,,,,,-18.782812406725096,set1,42,-0.2812576100184101,,,,,,0.1310596675041203
Periodic LSTM (monthly),5.0,31.155022376638144,41.12453379574916,1249,,,,,,-31.24482135738036,set1,42,-0.4679124027049445,,,,,,0.1310596675041203
Periodic LSTM (monthly),1.0,6.5415118586826315,30.36599832864681,1249,-16.47427431332,0.4068387305531107,2.2156835560883685,2.996279125252003,2.6372418472334194,-8.218231054193097,set1,43,-0.1285578156549882,-0.9075144511518053,0.03503590085397819,0.17892382236646137,0.2822781786242342,0.2749094228107742,0.13529329298285475
Periodic LSTM (monthly),1.5,9.812267788023945,30.791307279234704,1249,,,,,,-11.488986983534405,set1,43,-0.1797204692003498,,,,,,0.13529329298285475
Periodic LSTM (monthly),2.0,13.083023717365263,31.21661622982262,1249,,,,,,-14.759742912875726,set1,43,-0.23088156485501915,,,,,,0.13529329298285475
Periodic LSTM (monthly),3.0,19.62453557604789,32.06723413099845,1249,,,,,,-21.301254771558362,set1,43,-0.33319765380545247,,,,,,0.13529329298285475
Periodic LSTM (monthly),5.0,32.707559293413155,41.28727204934079,1249,,,,,,-34.38427848892361,set1,43,-0.5377954260229595,,,,,,0.13529329298285475
Periodic LSTM (monthly),1.0,6.26446124973526,23.295301427155817,1249,-0.10355693665133336,9.38063975235162,-7.725865792020306,1.8887888141573925,15.319399827518096,18.759405665355466,set1,44,0.3045029605863008,-0.005892565201708661,0.8750380323764215,-0.6090352707467309,0.20651412260121008,1.5719996474181117,0.13228252432104473
Periodic LSTM (monthly),1.5,9.396691874602892,23.634913552710458,1249,,,,,,15.627175040487835,set1,44,0.2536639461990986,,,,,,0.13228252432104473
Periodic LSTM (monthly),2.0,12.52892249947052,23.97452567826509,1249,,,,,,12.494944415620198,set1,44,0.20282320752999428,,,,,,0.13228252432104473
Periodic LSTM (monthly),3.0,18.793383749205784,24.653749929374353,1249,,,,,,6.230483165884946,set1,44,0.10113764278071188,,,,,,0.13228252432104473
Periodic LSTM (monthly),5.0,31.322306248676306,26.012198431592893,1249,,,,,,-6.298439333585576,set1,44,-0.10224223644292903,,,,,,0.13228252432104473
Periodic LSTM (monthly),1.0,6.4094295689862015,34.29614568244447,1249,-13.577715141333424,12.176989794577187,20.76271329174689,0.15041877291797207,5.6556711706962375,25.168077888604863,set1,45,0.34981587911214684,-0.5849213450576947,1.0699943081882715,1.5894296981580218,0.013911210833140902,0.6082880323636967,0.13340875790298792
Periodic LSTM (monthly),1.5,9.614144353479302,34.42098092024166,1249,,,,,,21.963363104111767,set1,45,0.305289189977712,,,,,,0.13340875790298792
Periodic LSTM (monthly),2.0,12.818859137972403,34.54581615803884,1249,,,,,,18.758648319618665,set1,45,0.26075733681007063,,,,,,0.13340875790298792
Periodic LSTM (monthly),3.0,19.228288706958605,34.79548663363322,1249,,,,,,12.349218750632456,set1,45,0.1716790037788257,,,,,,0.13340875790298792
Periodic LSTM (monthly),5.0,32.047147844931004,35.29482758482196,1249,,,,,,-0.469640387339941,set1,45,-0.006530103784226837,,,,,,0.13340875790298792
Periodic LSTM (monthly),1.0,6.261808162865126,24.28300905950185,1249,-5.633938182820615,5.341274288131988,5.635820049923407,-0.16906360999921521,-0.8190967708304991,4.354995774405065,set1,46,0.06778003059486949,-0.31737578400539723,0.5269011858858745,0.39790533168822606,-0.017161160893917993,-0.07634549681467899,0.13057490396154958
Periodic LSTM (monthly),1.5,9.39271224429769,24.4412778444658,1249,,,,,,1.224091692972501,set1,46,0.019050959459035666,,,,,,0.13057490396154958
Periodic LSTM (monthly),2.0,12.523616325730252,24.616572491573624,1249,,,,,,-1.9068123884600645,set1,46,-0.029675561550162797,,,,,,0.13057490396154958
Periodic LSTM (monthly),3.0,18.78542448859538,24.967161785789262,1249,,,,,,-8.168620551325189,set1,46,-0.1271198758067362,,,,,,0.13057490396154958
Periodic LSTM (monthly),5.0,31.309040814325634,28.08387420150758,1249,,,,,,-20.692236877055436,set1,46,-0.3219660572035436,,,,,,0.13057490396154958
Periodic LSTM (monthly),1.0,6.572773548145833,23.79493037602969,1249,-5.038960518496924,12.720722824308666,8.887300543481667,3.8766848668341,6.825983701577496,27.271731417705002,set1,47,0.43774776765818973,-0.26077243425296903,1.2429581171068562,0.8585433695267434,0.3589266827023574,0.7627204400430095,0.13706004900729687
Periodic LSTM (monthly),1.5,9.859160322218749,23.887667107015613,1249,,,,,,23.98534464363209,set1,47,0.3850501603059802,,,,,,0.13706004900729687
Periodic LSTM (monthly),2.0,13.145547096291667,23.980403838001532,1249,,,,,,20.698957869559166,set1,47,0.33233726810098846,,,,,,0.13706004900729687
Periodic LSTM (monthly),3.0,19.718320644437497,24.165877299973374,1249,,,,,,14.12618432141334,set1,47,0.22686692228352265,,,,,,0.13706004900729687
Periodic LSTM (monthly),5.0,32.86386774072916,24.536824223917066,1249,,,,,,0.980637225121675,set1,47,0.01575706705371431,,,,,,0.13706004900729687
Periodic LSTM (monthly),1.0,6.375539435028714,27.950680903631003,1249,-19.874495426796404,11.751416560434881,5.885867353956018,-4.119570208837002,7.871582817582426,1.5148010963399121,set1,48,0.02397485896074937,-1.170306720182638,1.0831640988255573,0.46557021261131243,-0.3708072182654273,0.745526229394554,0.13200868632765575
Periodic LSTM (monthly),1.5,9.563309152543072,28.76489806180015,1249,,,,,,-1.6729686211744421,set1,48,-0.026478240238139546,,,,,,0.13200868632765575
Periodic LSTM (monthly),2.0,12.751078870057428,29.57911521996932,1249,,,,,,-4.860738338688798,set1,48,-0.07693137564127836,,,,,,0.13200868632765575
Periodic LSTM (monthly),3.0,19.126618305086144,31.207549536307667,1249,,,,,,-11.236277773717518,set1,48,-0.17783644413746566,,,,,,0.13200868632765575
Periodic LSTM (monthly),5.0,31.877697175143577,34.55504845093045,1249,,,,,,-23.98735664377494,set1,48,-0.3796325964801,,,,,,0.13200868632765575
Periodic LSTM (monthly),1.0,6.309802583094262,30.234215081078585,1249,-19.81980175872278,6.941703918970939,10.1612467403909,1.0716642352513586,11.998206795504355,10.353019931394778,set1,49,0.1703625818245301,-1.2040261017148248,0.6689048288939458,0.8382264056398717,0.09585226512625615,1.2623254611896684,0.1312734622308019
Periodic LSTM (monthly),1.5,9.464703874641394,30.391061750916826,1249,,,,,,7.198118639847639,set1,49,0.11844437431570035,,,,,,0.1312734622308019
Periodic LSTM (monthly),2.0,12.619605166188524,30.547908420755054,1249,,,,,,4.043217348300515,set1,49,0.06652881438882069,,,,,,0.1312734622308019
Periodic LSTM (monthly),3.0,18.929407749282788,30.861601760431505,1249,,,,,,-2.266585234793755,set1,49,-0.037292905387564496,,,,,,0.1312734622308019
Periodic LSTM (monthly),5.0,31.54901291547131,33.745116392757815,1249,,,,,,-14.886190400982274,set1,49,-0.2448885513129239,,,,,,0.1312734622308019
Periodic LSTM (monthly),1.0,6.305681717427177,17.210305462640395,1249,-9.332152658061196,12.189384427823446,-4.332051327002075,-0.20912290903990494,4.8117229288708545,3.1277804625911205,set1,50,0.04943320780148296,-0.5394223592657656,1.2492281514988117,-0.3281327457351658,-0.017684398030201862,0.4901099287821687,0.13106370359061686
Periodic LSTM (monthly),1.5,9.458522576140766,18.000367909273027,1249,,,,,,-0.025060396122465745,set1,50,-0.00039611148099811676,,,,,,0.13106370359061686
Periodic LSTM (monthly),2.0,12.611363434854354,18.790430355905663,1249,,,,,,-3.1779012548360437,set1,50,-0.05023610869097656,,,,,,0.13106370359061686
Periodic LSTM (monthly),3.0,18.91704515228153,22.75928631954863,1249,,,,,,-9.48358297226323,set1,50,-0.14994693942045906,,,,,,0.13106370359061686
Periodic LSTM (monthly),5.0,31.528408587135885,32.161156380195365,1249,,,,,,-22.094946407117586,set1,50,-0.34948354309516877,,,,,,0.13106370359061686
Periodic LSTM (monthly),1.0,6.487385773072662,32.06332372397913,1249,-7.253949706077364,11.089752969540966,-1.6032996744718884,-1.2320863659102905,3.4772865732587475,4.4777037963401725,set1,51,0.06563160704281765,-0.36946051802573554,0.9682668106377359,-0.11377482450611617,-0.12240960005355771,0.3170476477939147,0.1342323803014553
Periodic LSTM (monthly),1.5,9.731078659608993,32.187480501680454,1249,,,,,,1.234010909803841,set1,51,0.018089257029153934,,,,,,0.1342323803014553
Periodic LSTM (monthly),2.0,12.974771546145323,32.311637279381785,1249,,,,,,-2.0096819767324905,set1,51,-0.029462684196428113,,,,,,0.1342323803014553
Periodic LSTM (monthly),3.0,19.462157319217987,32.55995083478444,1249,,,,,,-8.497067749805161,set1,51,-0.12459428022514159,,,,,,0.1342323803014553
Periodic LSTM (monthly),5.0,32.43692886536331,33.23936176891753,1249,,,,,,-21.471839295950485,set1,51,-0.3149608889510353,,,,,,0.1342323803014553
Periodic LSTM (monthly),1.0,7.165313702169879,20.115550790858823,1251,7.890855534273092,12.407731938854791,-5.597701806390227,8.32471166721641,14.407974132627317,37.43357146658139,set2,42,0.654378728205282,0.42772738778839925,1.4164853043368428,-0.53094883674382,0.9595138302695726,1.9336890544516838,0.14162579214763726
Periodic LSTM (monthly),1.5,10.74797055325482,20.921845987959546,1251,,,,,,33.85091461549644,set2,42,0.5917980299729043,,,,,,0.14162579214763726
Periodic LSTM (monthly),2.0,14.330627404339758,21.728141185060284,1251,,,,,,30.26825776441151,set2,42,0.5292058643284657,,,,,,0.14162579214763726
Periodic LSTM (monthly),3.0,21.49594110650964,23.340731579261742,1251,,,,,,23.102944062241644,set2,42,0.40398899594855203,,,,,,0.14162579214763726
Periodic LSTM (monthly),5.0,35.8265685108494,26.620421535287438,1251,,,,,,8.772316657901879,set2,42,0.15343819186441268,,,,,,0.14162579214763726
Periodic LSTM (monthly),1.0,7.080463230181365,10.97468342421729,1251,22.563885092628148,20.331354084982213,16.900747332567985,2.458304348314994,18.904082326197525,81.15837318469087,set2,43,1.6996648972699686,1.7644521773023998,2.394580387469064,1.7866079993089627,0.2876148893530212,2.4490513237300062,0.13805382724543627
Periodic LSTM (monthly),1.5,10.620694845272045,11.158361382579296,1251,,,,,,77.61814156960018,set2,43,1.6255874089613287,,,,,,0.13805382724543627
Periodic LSTM (monthly),2.0,14.16092646036273,11.342039340941302,1251,,,,,,74.0779099545095,set2,43,1.5514977861415644,,,,,,0.13805382724543627
Periodic LSTM (monthly),3.0,21.24138969054409,11.709395257665314,1251,,,,,,66.99744672432814,set2,43,1.4032857376813481,,,,,,0.13805382724543627
Periodic LSTM (monthly),5.0,35.40231615090682,12.444107091113333,1251,,,,,,52.836520263965404,set2,43,1.1067556644635574,,,,,,0.13805382724543627
Periodic LSTM (monthly),1.0,7.112924247310585,11.127536928288068,1251,20.545538987913144,19.430013041539375,4.621411439386399,2.8480374003642206,16.464583760673175,63.90958462987633,set2,44,1.2348702282144013,1.3861606793191774,2.1529586171956634,0.4530064916262099,0.3141473624036932,2.3036795965736587,0.14023756395426207
Periodic LSTM (monthly),1.5,10.669386370965878,11.430968091065468,1251,,,,,,60.35312250622103,set2,44,1.1663076280862341,,,,,,0.14023756395426207
Periodic LSTM (monthly),2.0,14.22584849462117,11.73439925384286,1251,,,,,,56.79666038256575,set2,44,1.0977233759027518,,,,,,0.14023756395426207
Periodic LSTM (monthly),3.0,21.338772741931756,12.341261579397623,1251,,,,,,49.683736135255145,set2,44,0.9604923675110287,,,,,,0.14023756395426207
Periodic LSTM (monthly),5.0,35.56462123655293,13.58266067566028,1251,,,,,,35.45788764063397,set2,44,0.685797556910772,,,,,,0.14023756395426207
Periodic LSTM (monthly),1.0,7.0670809797494005,17.828549966753542,1251,22.58680561983532,11.281061997629866,2.5376795177233014,1.0462677991778273,13.3110765114702,50.76289144583651,set2,45,0.8481226292345275,1.0877641169623342,1.4826653925584785,0.27193716976778676,0.11149425639117498,1.754968182009666,0.13947946479768714
Periodic LSTM (monthly),1.5,10.600621469624102,17.883088093229077,1251,,,,,,47.22935095596181,set2,45,0.7891718166153175,,,,,,0.13947946479768714
Periodic LSTM (monthly),2.0,14.134161959498801,17.937626219704608,1251,,,,,,43.69581046608712,set2,45,0.7302064960003953,,,,,,0.13947946479768714
Periodic LSTM (monthly),3.0,21.201242939248203,18.046702472655678,1251,,,,,,36.62872948633772,set2,45,0.6122339269400198,,,,,,0.13947946479768714
Periodic LSTM (monthly),5.0,35.335404898747,18.264854978557807,1251,,,,,,22.494567526838917,set2,45,0.3761322802883689,,,,,,0.13947946479768714
Periodic LSTM (monthly),1.0,7.146211861537257,22.411916282492346,1251,31.817130891115998,11.106968549178761,6.113229488945835,4.89173345595681,20.18770710019106,74.11676948538846,set2,46,1.2049677667193393,1.4247218236608412,1.391558375267752,0.663781555114908,0.5990984257439043,2.903837309960826,0.1397994815835619
Periodic LSTM (monthly),1.5,10.719317792305885,22.5389320369039,1251,,,,,,70.54366355461983,set2,46,1.146992199373447,,,,,,0.1397994815835619
Periodic LSTM (monthly),2.0,14.292423723074513,22.676522939341496,1251,,,,,,66.9705576238512,set2,46,1.0890027643665,,,,,,0.1397994815835619
Periodic LSTM (monthly),3.0,21.43863558461177,22.955198832658578,1251,,,,,,59.824345762313946,set2,46,0.97298371109023,,,,,,0.1397994815835619
Periodic LSTM (monthly),5.0,35.73105930768629,23.51255061929276,1251,,,,,,45.53192203923943,set2,46,0.7407948346301259,,,,,,0.1397994815835619
Periodic LSTM (monthly),1.0,6.9477466072178,17.802677832686907,1251,13.214076265340188,6.810017777956517,3.640484281164108,-1.5431157202609507,23.438883214725617,45.56034581892547,set2,47,0.8390117415423812,0.7617981198790766,0.6974053726384374,0.42050094577770875,-0.18744082829436204,3.183645431666122,0.13755315566215817
Periodic LSTM (monthly),1.5,10.4216199108267,17.99232532686638,1251,,,,,,42.08647251531657,set2,47,0.7750327193571196,,,,,,0.13755315566215817
Periodic LSTM (monthly),2.0,13.8954932144356,18.181972821045857,1251,,,,,,38.612599211707675,set2,47,0.7110530640412561,,,,,,0.13755315566215817
Periodic LSTM (monthly),3.0,20.8432398216534,18.561267809404804,1251,,,,,,31.664852604489884,set2,47,0.5830936564315803,,,,,,0.13755315566215817
Periodic LSTM (monthly),5.0,34.738733036088995,19.320569446903114,1251,,,,,,17.769359390054273,set2,47,0.3271870677663537,,,,,,0.13755315566215817
Periodic LSTM (monthly),1.0,6.911419227692955,19.31646477850056,1251,16.860709517881546,11.33308891926745,-0.8375932608067432,-1.9589405793187336,19.787404060330196,45.18466865735371,set2,48,0.8309562013684588,1.039771219687588,1.3102337440186114,-0.0798661642926553,-0.21074482294706254,2.555879029653312,0.13677601534715705
Periodic LSTM (monthly),1.5,10.36712884153943,19.384839456573424,1251,,,,,,41.72895904350724,set2,48,0.7675240638188853,,,,,,0.13677601534715705
Periodic LSTM (monthly),2.0,13.82283845538591,19.45321413464629,1251,,,,,,38.27324942966076,set2,48,0.7040703999334442,,,,,,0.13677601534715705
Periodic LSTM (monthly),3.0,20.73425768307886,19.589963490792023,1251,,,,,,31.361830201967813,set2,48,0.5771004286833314,,,,,,0.13677601534715705
Periodic LSTM (monthly),5.0,34.55709613846477,19.863462203083486,1251,,,,,,17.5389917465819,set2,48,0.32292351228072474,,,,,,0.13677601534715705
Periodic LSTM (monthly),1.0,7.009404546454928,21.46534028374215,1251,15.659128529595714,12.76617674162244,9.22531633173677,14.805402934604048,23.340313628537295,75.79633816609628,set2,49,1.3824572591913773,0.8860526280486315,1.5880421966975546,1.0252211561962778,1.7480083830750157,2.685903437188353,0.1379485910946598
Periodic LSTM (monthly),1.5,10.514106819682393,21.528608605715487,1251,,,,,,72.2916358928688,set2,49,1.3185976322684902,,,,,,0.1379485910946598
Periodic LSTM (monthly),2.0,14.018809092909857,21.591876927688826,1251,,,,,,68.78693361964135,set2,49,1.2547284964979237,,,,,,0.1379485910946598
Periodic LSTM (monthly),3.0,21.028213639364786,21.71841357163551,1251,,,,,,61.77752907318641,set2,49,1.1269637724722603,,,,,,0.1379485910946598
Periodic LSTM (monthly),5.0,35.04702273227464,21.97148685952887,1251,,,,,,47.758719980276545,set2,49,0.8713430516367779,,,,,,0.1379485910946598
Periodic LSTM (monthly),1.0,7.009835080753344,18.470172000550967,1251,4.037829554039194,18.395042950163095,-1.7584276891824056,15.149657501834868,21.14607755332793,56.97017987018267,set2,50,1.1247414707541687,0.2785195739122967,2.3108161261979165,-0.17083460036198975,1.6295294419332822,3.012540206316693,0.13877549764463226
Periodic LSTM (monthly),1.5,10.514752621130015,18.612735972011706,1251,,,,,,53.465262329806016,set2,50,1.0555677086432964,,,,,,0.13877549764463226
Periodic LSTM (monthly),2.0,14.019670161506689,18.755299943472455,1251,,,,,,49.96034478942934,set2,50,0.9863881339762244,,,,,,0.13877549764463226
Periodic LSTM (monthly),3.0,21.02950524226003,19.04042788639394,1251,,,,,,42.950509708676,set2,50,0.848013950203675,,,,,,0.13877549764463226
Periodic LSTM (monthly),5.0,35.049175403766725,19.610683772236907,1251,,,,,,28.930839547169306,set2,50,0.5712222770997064,,,,,,0.13877549764463226
Periodic LSTM (monthly),1.0,7.001085433424801,20.573203089134644,1251,18.42070927201485,18.57127233189555,2.772640462893476,6.873040142553319,8.779995168089705,55.41765737744689,set2,51,0.9450258218447313,0.9226526709901449,2.4441253797879035,0.2832751602794407,0.7499514601991418,1.163977924465398,0.13873141535479602
Periodic LSTM (monthly),1.5,10.5016281501372,20.696685565434812,1251,,,,,,51.9171146607345,set2,51,0.8853348735170103,,,,,,0.13873141535479602
Periodic LSTM (monthly),2.0,14.002170866849601,20.820168041734977,1251,,,,,,48.4165719440221,set2,51,0.8256415510894247,,,,,,0.13873141535479602
Periodic LSTM (monthly),3.0,21.0032563002744,21.067132994335307,1251,,,,,,41.41548651059729,set2,51,0.7062494832319032,,,,,,0.13873141535479602
Periodic LSTM (monthly),5.0,35.005427167124004,21.56106289953597,1251,,,,,,27.413315643747698,set2,51,0.46745555206092954,,,,,,0.13873141535479602
Periodic LSTM (monthly),1.0,6.073065044946198,26.062526646585248,1250,6.025746760371793,14.676386456138962,-11.041099965087511,18.88967708640496,6.091813967674473,34.64252430550267,set3,42,0.5378160582488847,0.34224740609817206,1.1680216009108109,-0.7751920842778032,2.096492148174715,0.6720218038986228,0.13275863015582778
Periodic LSTM (monthly),1.5,9.109597567419298,26.34963812636783,1250,,,,,,31.605991783029573,set3,42,0.4906593658436385,,,,,,0.13275863015582778
Periodic LSTM (monthly),2.0,12.146130089892395,26.636749606150424,1250,,,,,,28.569459260556478,set3,42,0.4435050328238561,,,,,,0.13275863015582778
Periodic LSTM (monthly),3.0,18.219195134838596,27.210972565715576,1250,,,,,,22.496394215610277,set3,42,0.3492041920977412,,,,,,0.13275863015582778
Periodic LSTM (monthly),5.0,30.36532522473099,28.359418484845868,1250,,,,,,10.350264125717889,set3,42,0.16063903801077375,,,,,,0.13275863015582778
Periodic LSTM (monthly),1.0,6.014580045150326,26.060177843257126,1250,13.031249517060656,3.3995542370180964,-1.6590229236104634,-4.165382273298485,1.934596552495547,12.540995109665353,set3,43,0.19678045556887874,0.8175789447598891,0.2919786917492777,-0.1007106707302279,-0.452223334663121,0.22827022795695417,0.13201777088598413
Periodic LSTM (monthly),1.5,9.021870067725487,26.431647900143705,1250,,,,,,9.533705087090194,set3,43,0.1496020601644766,,,,,,0.13201777088598413
Periodic LSTM (monthly),2.0,12.029160090300651,26.803117957030263,1250,,,,,,6.526415064515037,set3,43,0.10241789979132485,,,,,,0.13201777088598413
Periodic LSTM (monthly),3.0,18.043740135450975,27.546058070803404,1250,,,,,,0.5118350193647092,set3,43,0.008033042259903497,,,,,,0.13201777088598413
Periodic LSTM (monthly),5.0,30.072900225751628,29.03193829834967,1250,,,,,,-11.517325070935948,set3,43,-0.180797505848526,,,,,,0.13201777088598413
Periodic LSTM (monthly),1.0,6.199803015215111,16.26989016077866,1250,33.31084128070469,-0.7115004252624294,5.491098957794451,4.719914290839382,-3.5147489471157383,39.29560515696035,set3,44,0.6219741503712017,1.8218690099450277,-0.06145656847136572,0.44924900199222245,0.5204583184933846,-0.3503540854968373,0.13521449681253675
Periodic LSTM (monthly),1.5,9.299704522822665,16.57125981801485,1250,,,,,,36.19570364935281,set3,44,0.5729312634885098,,,,,,0.13521449681253675
Periodic LSTM (monthly),2.0,12.399606030430222,16.879440797248556,1250,,,,,,33.095802141745246,set3,44,0.523883732303157,,,,,,0.13521449681253675
Periodic LSTM (monthly),3.0,18.59940904564533,18.850987082243215,1250,,,,,,26.89599912653013,set3,44,0.42577560231115535,,,,,,0.13521449681253675
Periodic LSTM (monthly),5.0,30.99901507607556,22.81808716090993,1250,,,,,,14.49639309609991,set3,44,0.22951313458291017,,,,,,0.13521449681253675
Periodic LSTM (monthly),1.0,6.109404193589626,32.72651242026641,1250,1.3020815355051147,-8.489562914490818,9.826694336755793,3.5427071410677446,2.9909610854849675,9.172881184322806,set3,45,0.14411361892329808,0.07726488889365378,-0.6902563597486531,0.6799660132672745,0.3895570142536609,0.3178100462140685,0.13368969366469619
Periodic LSTM (monthly),1.5,9.164106290384439,33.995581193431875,1250,,,,,,6.118179087527997,set3,45,0.0961271840908559,,,,,,0.13368969366469619
Periodic LSTM (monthly),2.0,12.218808387179251,35.26464996659734,1250,,,,,,3.0634769907331885,set3,45,0.04813520408447045,,,,,,0.13368969366469619
Periodic LSTM (monthly),3.0,18.328212580768877,37.80278751292828,1250,,,,,,-3.045927202856444,set3,45,-0.04786457126507143,,,,,,0.13368969366469619
Periodic LSTM (monthly),5.0,30.547020967948132,42.87906260559014,1250,,,,,,-15.264735590035688,set3,45,-0.23992163461995625,,,,,,0.13368969366469619
Periodic LSTM (monthly),1.0,6.039591126349954,24.74788428972518,1250,7.818528045425591,-0.14819585414315092,-0.8786980283668824,-0.17938576893259534,0.5890297966055033,7.201278190588467,set3,46,0.11403887485322438,0.4433755462768666,-0.013151267067364811,-0.06262851092000897,-0.01842997772328224,0.06847484976764094,0.1305879336166298
Periodic LSTM (monthly),1.5,9.059386689524931,25.699257859912677,1250,,,,,,4.1814826274134855,set3,46,0.06622132301646466,,,,,,0.1305879336166298
Periodic LSTM (monthly),2.0,12.079182252699908,26.65063143010018,1250,,,,,,1.1616870642385104,set3,46,0.018398412093568427,,,,,,0.1305879336166298
Periodic LSTM (monthly),3.0,18.118773379049863,28.553378570475168,1250,,,,,,-4.877904062111449,set3,46,-0.07726271076738216,,,,,,0.1305879336166298
Periodic LSTM (monthly),5.0,30.197955631749767,32.358872851225165,1250,,,,,,-16.95708631481134,set3,46,-0.2686407200199626,,,,,,0.1305879336166298
Periodic LSTM (monthly),1.0,6.196501726529638,29.175902148289335,1250,13.774710843858365,0.797941446511695,-7.114990019137155,8.98608274565592,4.305240364211569,20.7489853811004,set3,47,0.33199344563987293,0.828192175016054,0.07290135057658854,-0.4961125267736708,0.9698429438440606,0.4362521624075807,0.13397734171841935
Periodic LSTM (monthly),1.5,9.294752589794456,29.708513600068144,1250,,,,,,17.65073451783558,set3,47,0.2824268696980012,,,,,,0.13397734171841935
Periodic LSTM (monthly),2.0,12.393003453059276,30.241125051846936,1250,,,,,,14.552483654570766,set3,47,0.2328575520048285,,,,,,0.13397734171841935
Periodic LSTM (monthly),3.0,18.58950517958891,31.306347955404508,1250,,,,,,8.355981928041137,set3,47,0.13371152232823916,,,,,,0.13397734171841935
Periodic LSTM (monthly),5.0,30.982508632648187,33.68848978795869,1250,,,,,,-4.037021525018142,set3,47,-0.06460429434273234,,,,,,0.13397734171841935
Periodic LSTM (monthly),1.0,6.189732823604163,23.04617117317309,1250,16.807997425540922,1.0234284517572272,6.644938878219854,9.799799401654022,10.160014894006428,44.436179051178435,set3,48,0.6974978453004351,0.9564462234799982,0.0895459983101741,0.4578637567045248,0.9841039488196499,1.2281966660117862,0.13465985700118888
Periodic LSTM (monthly),1.5,9.284599235406244,23.358793006243097,1250,,,,,,41.34131263937637,set3,48,0.6489909032128593,,,,,,0.13465985700118888
Periodic LSTM (monthly),2.0,12.379465647208326,23.671414839313076,1250,,,,,,38.24644622757428,set3,48,0.6004724059887657,,,,,,0.13465985700118888
Periodic LSTM (monthly),3.0,18.569198470812488,24.55166819475898,1250,,,,,,32.05671340397012,set3,48,0.5034014959102007,,,,,,0.13465985700118888
Periodic LSTM (monthly),5.0,30.94866411802081,27.04741379116744,1250,,,,,,19.677247756761794,set3,48,0.309129275935506,,,,,,0.13465985700118888
Periodic LSTM (monthly),1.0,6.042860517632652,25.854666125781872,1250,14.16739850051971,4.954665617650352,-10.3465520548284,9.686434986688022,2.6449269755955367,21.10687402562522,set3,49,0.33328400153446336,0.8613022336880467,0.4222963069462696,-0.6838907974435227,1.0820819241623831,0.28016031866311764,0.13388557064771558
Periodic LSTM (monthly),1.5,9.064290776448978,26.249284254282518,1250,,,,,,18.085443766808893,set3,49,0.285588670102889,,,,,,0.13388557064771558
Periodic LSTM (monthly),2.0,12.085721035265305,26.643902382783146,1250,,,,,,15.064013507992563,set3,49,0.2378883388749797,,,,,,0.13388557064771558
Periodic LSTM (monthly),3.0,18.128581552897955,27.433138639784417,1250,,,,,,9.021152990359905,set3,49,0.14247347004405647,,,,,,0.13388557064771558
Periodic LSTM (monthly),5.0,30.21430258816326,29.011611153786944,1250,,,,,,-3.0645680449053874,set3,49,-0.04840753576005242,,,,,,0.13388557064771558
Periodic LSTM (monthly),1.0,6.1421655148045815,24.63760737688225,1250,3.6325533290172576,-0.5958468043217903,-4.251093523519053,9.139171722798736,0.37866755979054434,8.303452283765687,set3,50,0.1319841657873867,0.20394445245291232,-0.05250667428810788,-0.32045787134139175,1.017852912382531,0.03900150587341059,0.13232426248233234
Periodic LSTM (monthly),1.5,9.213248272206872,25.108838986630577,1250,,,,,,5.232369526363398,set3,50,0.08317442591265274,,,,,,0.13232426248233234
Periodic LSTM (monthly),2.0,12.284331029609163,25.580070596378913,1250,,,,,,2.161286768961107,set3,50,0.034358279378139366,,,,,,0.13232426248233234
Periodic LSTM (monthly),3.0,18.426496544413745,26.52253381587557,1250,,,,,,-3.9808787458434747,set3,50,-0.06329234666655453,,,,,,0.13232426248233234
Periodic LSTM (monthly),5.0,30.710827574022904,30.202775186067203,1250,,,,,,-16.265209775452632,set3,50,-0.25866071247810535,,,,,,0.13232426248233234
Periodic LSTM (monthly),1.0,6.137368086335933,22.519451854621938,1250,4.743967154248349,10.440628915607022,-6.422904031293599,6.497168753966941,7.576673386105842,22.83553417863456,set3,51,0.33534277157237247,0.2385967281169763,0.8676674957063647,-0.4350830888139813,0.6888032634813748,0.8111606094306035,0.1341027499759024
Periodic LSTM (monthly),1.5,9.206052129503897,22.830167790692524,1250,,,,,,19.76685013546658,set3,51,0.29027454205182185,,,,,,0.1341027499759024
Periodic LSTM (monthly),2.0,12.274736172671865,23.14088372676311,1250,,,,,,16.69816609229862,set3,51,0.24520730079102937,,,,,,0.1341027499759024
Periodic LSTM (monthly),3.0,18.412104259007794,23.762540888030475,1250,,,,,,10.560798005962683,set3,51,0.15507648479532393,,,,,,0.1341027499759024
Periodic LSTM (monthly),5.0,30.686840431679663,25.014305683306343,1250,,,,,,-1.7139381667091724,set3,51,-0.02516557078776182,,,,,,0.1341027499759024
Periodic LSTM (monthly),1.0,6.637429413878054,19.177190224317993,1251,3.3911663758160944,19.052829153419026,-0.49333248794007845,13.741337576298665,2.1723606842173435,37.86436130181106,set4,42,0.7405173821986603,0.2180311661638755,2.281650317776122,-0.05215748783492806,1.5989044638224075,0.3069378222004753,0.1394016516150592
Periodic LSTM (monthly),1.5,9.95614412081708,19.27970618934146,1251,,,,,,34.54564659487204,set4,42,0.6756584314777971,,,,,,0.1394016516150592
Periodic LSTM (monthly),2.0,13.274858827756107,19.382222154364936,1251,,,,,,31.226931887933006,set4,42,0.6107887463503915,,,,,,0.1394016516150592
Periodic LSTM (monthly),3.0,19.91228824163416,19.587254084411875,1251,,,,,,24.589502474054946,set4,42,0.4810197077888137,,,,,,0.1394016516150592
Periodic LSTM (monthly),5.0,33.187147069390264,20.002128365265232,1251,,,,,,11.314643646298842,set4,42,0.22138073005232237,,,,,,0.1394016516150592
Periodic LSTM (monthly),1.0,6.745918838220908,17.689221186887245,1251,8.773582335450156,12.303003128512493,-0.5258668851559212,5.648028765358265,4.130981534028652,30.329728878193645,set4,43,0.5887035070913629,0.5570700427642928,1.382258592137442,-0.061066972475700115,0.6182692373364161,0.5902758266445811,0.13992464314750463
Periodic LSTM (monthly),1.5,10.118878257331362,17.73419624282535,1251,,,,,,26.956769459083183,set4,43,0.5233141917241373,,,,,,0.13992464314750463
Periodic LSTM (monthly),2.0,13.491837676441817,17.779171298763455,1251,,,,,,23.583810039972732,set4,43,0.4579034698106427,,,,,,0.13992464314750463
Periodic LSTM (monthly),3.0,20.237756514662724,17.869121410639668,1251,,,,,,16.837891201751827,set4,43,0.327020089474408,,,,,,0.13992464314750463
Periodic LSTM (monthly),5.0,33.72959419110454,18.270278051528493,1251,,,,,,3.346053525310007,set4,43,0.06502162311038745,,,,,,0.13992464314750463
Periodic LSTM (monthly),1.0,6.756750359275575,22.814658278597477,1251,17.639220945287526,12.908269666169165,2.595568863627184,15.605664757320731,2.7177352424936227,51.46645947489823,set4,44,0.9496091201767746,1.0239398173727314,1.479845724995325,0.2451059705190985,2.1405258484041316,0.37513148664567003,0.1401135267071901
Periodic LSTM (monthly),1.5,10.13512553891336,22.92815249115109,1251,,,,,,48.088084295260444,set4,44,0.8874155227158788,,,,,,0.1401135267071901
Periodic LSTM (monthly),2.0,13.51350071855115,23.041646703704703,1251,,,,,,44.70970911562265,set4,44,0.8251996337213,,,,,,0.1401135267071901
Periodic LSTM (monthly),3.0,20.27025107782672,23.268635128811923,1251,,,,,,37.95295875634709,set4,44,0.7007032306160075,,,,,,0.1401135267071901
Periodic LSTM (monthly),5.0,33.78375179637787,23.72261197902637,1251,,,,,,24.43945803779593,set4,44,0.45146773192439693,,,,,,0.1401135267071901
Periodic LSTM (monthly),1.0,6.856454406619751,19.260391025072586,1251,6.814968385662863,10.808044535046793,2.654903428372562,13.130149721252318,1.422324845455655,34.8303909157902,set4,45,0.6883799827558672,0.430057276453195,1.3474622490997974,0.283304258843212,1.608484152071508,0.21188610879375042,0.1412103659617974
Periodic LSTM (monthly),1.5,10.284681609929628,19.37322896229826,1251,,,,,,31.40216371248033,set4,45,0.6206983008260729,,,,,,0.1412103659617974
Periodic LSTM (monthly),2.0,13.712908813239501,19.486066899523934,1251,,,,,,27.97393650917045,set4,45,0.5529986204283208,,,,,,0.1412103659617974
Periodic LSTM (monthly),3.0,20.569363219859255,19.711742773975296,1251,,,,,,21.117482102550696,set4,45,0.4175482779351075,,,,,,0.1412103659617974
Periodic LSTM (monthly),5.0,34.28227203309875,20.16309452287801,1251,,,,,,7.404573289311199,set4,45,0.14646482074803072,,,,,,0.1412103659617974
Periodic LSTM (monthly),1.0,6.770215698228149,20.385741825962324,1251,15.854184871983062,13.815625749249424,3.7668132274708386,8.248858090506902,5.387395370800005,47.072877310010234,set4,46,0.924315363705681,0.9757658488254746,1.661744831498989,0.4184693413138827,1.0681016398297865,0.7781469782870403,0.14000968572820421
Periodic LSTM (monthly),1.5,10.155323547342224,20.422163921385263,1251,,,,,,43.68776946089616,set4,46,0.8579610188500747,,,,,,0.14000968572820421
Periodic LSTM (monthly),2.0,13.540431396456299,20.4585860168082,1251,,,,,,40.30266161178208,set4,46,0.7915861284099168,,,,,,0.14000968572820421
Periodic LSTM (monthly),3.0,20.310647094684448,20.53143020765408,1251,,,,,,33.532445913553936,set4,46,0.6587774330641613,,,,,,0.14000968572820421
Periodic LSTM (monthly),5.0,33.85107849114075,20.677118589345845,1251,,,,,,19.992014517097644,set4,46,0.39294350287389995,,,,,,0.14000968572820421
Periodic LSTM (monthly),1.0,6.815900350316571,18.562706067399784,1251,10.514010237308485,12.322175415270593,0.5858034243067707,10.961408888496296,5.603997641517846,39.987395606899995,set4,47,0.762239669582743,0.6202413982115756,1.5382866047438855,0.06052478352273543,1.3159994355372449,0.8937586952024854,0.14016093454826356
Periodic LSTM (monthly),1.5,10.223850525474855,18.678511166936193,1251,,,,,,36.57944543174171,set4,47,0.6973541439708207,,,,,,0.14016093454826356
Periodic LSTM (monthly),2.0,13.631800700633143,18.794316266472602,1251,,,,,,33.17149525658343,set4,47,0.6324522646334771,,,,,,0.14016093454826356
Periodic LSTM (monthly),3.0,20.44770105094971,19.025926465545425,1251,,,,,,26.355594906266855,set4,47,0.5026019543886296,,,,,,0.14016093454826356
Periodic LSTM (monthly),5.0,34.07950175158285,19.489146863691058,1251,,,,,,12.723794205633709,set4,47,0.24273274121089544,,,,,,0.14016093454826356
Periodic LSTM (monthly),1.0,6.647683637992934,20.501868114172712,1251,18.837679933283795,9.283878246176345,0.06730216664960348,10.088030839500833,8.396255548635342,46.67314673424592,set4,48,0.8952764517453685,1.1546895355248952,1.0345705800741314,0.007358663900152305,1.1845933718894226,1.2702364232425256,0.13742818851234198
Periodic LSTM (monthly),1.5,9.971525456989399,20.617795468561585,1251,,,,,,43.34930491524944,set4,48,0.8316207652549517,,,,,,0.13742818851234198
Periodic LSTM (monthly),2.0,13.295367275985868,20.733722822950455,1251,,,,,,40.02546309625298,set4,48,0.7679474370450098,,,,,,0.13742818851234198
Periodic LSTM (monthly),3.0,19.943050913978798,20.965577531728204,1251,,,,,,33.377779458260044,set4,48,0.6405498886252233,,,,,,0.13742818851234198
Periodic LSTM (monthly),5.0,33.23841818996466,21.429286949283693,1251,,,,,,20.08241218227418,set4,48,0.38556549834741183,,,,,,0.13742818851234198
Periodic LSTM (monthly),1.0,6.593996284647591,19.861628073316957,1251,3.7623575881664135,12.43532173365569,7.6408921420418565,7.287966152874239,0.7828840079628627,31.90942162470106,set4,49,0.6468062133087699,0.2645843017656694,1.454935056127036,0.7900431907498467,0.8609332558218707,0.11191136484352654,0.13829667644128713
Periodic LSTM (monthly),1.5,9.890994426971387,20.099546680897028,1251,,,,,,28.61242348237727,set4,49,0.580009911026029,,,,,,0.13829667644128713
Periodic LSTM (monthly),2.0,13.187992569295181,20.33746528847709,1251,,,,,,25.315425340053476,set4,49,0.5132041737191496,,,,,,0.13829667644128713
Periodic LSTM (monthly),3.0,19.781988853942774,20.81330250363725,1251,,,,,,18.721429055405885,set4,49,0.3795668620995619,,,,,,0.13829667644128713
Periodic LSTM (monthly),5.0,32.969981423237954,21.764976933957524,1251,,,,,,5.533436486110702,set4,49,0.11220619066442546,,,,,,0.13829667644128713
Periodic LSTM (monthly),1.0,6.714883813265848,19.844221617543194,1251,-2.3234760532904355,8.477838096106332,-2.8342640271775674,-1.440637335652567,5.835772979933871,7.71523365991964,set4,50,0.15437754193875589,-0.1574987232029833,0.999450119639746,-0.2969075414749584,-0.1670206315412097,0.8505479629911539,0.1399652125893059
Periodic LSTM (monthly),1.5,10.072325719898771,19.955804479728574,1251,,,,,,4.357791753286717,set4,50,0.08720817343458093,,,,,,0.1399652125893059
Periodic LSTM (monthly),2.0,13.429767626531696,20.067387341913953,1251,,,,,,1.0003498466537926,set4,50,0.020021503283584558,,,,,,0.1399652125893059
Periodic LSTM (monthly),3.0,20.144651439797542,20.29055306628472,1251,,,,,,-5.714533966612061,set4,50,-0.11440073739295487,,,,,,0.1399652125893059
Periodic LSTM (monthly),5.0,33.57441906632924,26.532755452839368,1251,,,,,,-19.14430159314375,set4,50,-0.3834197282236448,,,,,,0.1399652125893059
Periodic LSTM (monthly),1.0,6.884886337894668,14.425208942674372,1251,12.566962716232894,9.93656366875132,4.443769953729306,7.0726276988802335,9.535769391522294,43.55569342911604,set4,51,0.8848854795180653,0.8005517197986736,1.1807938584793511,0.5074708030680156,0.9519452045041594,1.5339421278915497,0.14240524238060595
Periodic LSTM (monthly),1.5,10.327329506842004,14.469014201769637,1251,,,,,,40.1132502601687,set4,51,0.8150133520811857,,,,,,0.14240524238060595
Periodic LSTM (monthly),2.0,13.769772675789335,14.5128194608649,1251,,,,,,36.67080709122138,set4,51,0.7451271649941659,,,,,,0.14240524238060595
Periodic LSTM (monthly),3.0,20.654659013684007,14.600429979055427,1251,,,,,,29.78592075332671,set4,51,0.6053158410438937,,,,,,0.14240524238060595
Periodic LSTM (monthly),5.0,34.42443168947334,14.775651015436479,1251,,,,,,16.016148077537363,set4,51,0.32556004163881835,,,,,,0.14240524238060595
